ShellLength;Temperature;G
0;22;0,079022965
10;22;0,075071817
20;22;0,071120669
30;22;0,067169521
40;22;0,063218372
50;22;0,059267224
60;22;0,055316076
70;22;0,051364928
80;22;0,047413779
90;22;0,043462631
100;22;0,039511483
110;22;0,035560334
120;22;0,031609186
130;22;0,027658038
140;22;0,02370689
150;22;0,019755741
160;22;0,015804593
170;22;0,011853445
180;22;0,007902297
190;22;0,003951148
200;22;0
0;22,1;0,080260548
10;22,1;0,076247521
20;22,1;0,072234493
30;22,1;0,068221466
40;22,1;0,064208439
50;22,1;0,060195411
60;22,1;0,056182384
70;22,1;0,052169356
80;22,1;0,048156329
90;22,1;0,044143302
100;22,1;0,040130274
110;22,1;0,036117247
120;22,1;0,032104219
130;22,1;0,028091192
140;22,1;0,024078164
150;22,1;0,020065137
160;22,1;0,01605211
170;22,1;0,012039082
180;22,1;0,008026055
190;22,1;0,004013027
200;22,1;0
0;22,2;0,081510417
10;22,2;0,077434896
20;22,2;0,073359375
30;22,2;0,069283854
40;22,2;0,065208333
50;22,2;0,061132812
60;22,2;0,057057292
70;22,2;0,052981771
80;22,2;0,04890625
90;22,2;0,044830729
100;22,2;0,040755208
110;22,2;0,036679687
120;22,2;0,032604167
130;22,2;0,028528646
140;22,2;0,024453125
150;22,2;0,020377604
160;22,2;0,016302083
170;22,2;0,012226562
180;22,2;0,008151042
190;22,2;0,004075521
200;22,2;0
0;22,3;0,082772415
10;22,3;0,078633794
20;22,3;0,074495174
30;22,3;0,070356553
40;22,3;0,066217932
50;22,3;0,062079311
60;22,3;0,057940691
70;22,3;0,05380207
80;22,3;0,049663449
90;22,3;0,045524828
100;22,3;0,041386208
110;22,3;0,037247587
120;22,3;0,033108966
130;22,3;0,028970345
140;22,3;0,024831725
150;22,3;0,020693104
160;22,3;0,016554483
170;22,3;0,012415862
180;22,3;0,008277242
190;22,3;0,004138621
200;22,3;0
0;22,4;0,084046373
10;22,4;0,079844054
20;22,4;0,075641735
30;22,4;0,071439417
40;22,4;0,067237098
50;22,4;0,063034779
60;22,4;0,058832461
70;22,4;0,054630142
80;22,4;0,050427824
90;22,4;0,046225505
100;22,4;0,042023186
110;22,4;0,037820868
120;22,4;0,033618549
130;22,4;0,02941623
140;22,4;0,025213912
150;22,4;0,021011593
160;22,4;0,016809275
170;22,4;0,012606956
180;22,4;0,008404637
190;22,4;0,004202319
200;22,4;0
0;22,5;0,085332102
10;22,5;0,081065497
20;22,5;0,076798892
30;22,5;0,072532287
40;22,5;0,068265682
50;22,5;0,063999077
60;22,5;0,059732472
70;22,5;0,055465867
80;22,5;0,051199261
90;22,5;0,046932656
100;22,5;0,042666051
110;22,5;0,038399446
120;22,5;0,034132841
130;22,5;0,029866236
140;22,5;0,025599631
150;22,5;0,021333026
160;22,5;0,01706642
170;22,5;0,012799815
180;22,5;0,00853321
190;22,5;0,004266605
200;22,5;0
0;22,6;0,086629402
10;22,6;0,082297931
20;22,6;0,077966461
30;22,6;0,073634991
40;22,6;0,069303521
50;22,6;0,064972051
60;22,6;0,060640581
70;22,6;0,056309111
80;22,6;0,051977641
90;22,6;0,047646171
100;22,6;0,043314701
110;22,6;0,038983231
120;22,6;0,034651761
130;22,6;0,030320291
140;22,6;0,02598882
150;22,6;0,02165735
160;22,6;0,01732588
170;22,6;0,01299441
180;22,6;0,00866294
190;22,6;0,00433147
200;22,6;0
0;22,7;0,087938049
10;22,7;0,083541147
20;22,7;0,079144244
30;22,7;0,074747342
40;22,7;0,070350439
50;22,7;0,065953537
60;22,7;0,061556635
70;22,7;0,057159732
80;22,7;0,05276283
90;22,7;0,048365927
100;22,7;0,043969025
110;22,7;0,039572122
120;22,7;0,03517522
130;22,7;0,030778317
140;22,7;0,026381415
150;22,7;0,021984512
160;22,7;0,01758761
170;22,7;0,013190707
180;22,7;0,008793805
190;22,7;0,004396902
200;22,7;0
0;22,8;0,089257807
10;22,8;0,084794917
20;22,8;0,080332027
30;22,8;0,075869136
40;22,8;0,071406246
50;22,8;0,066943355
60;22,8;0,062480465
70;22,8;0,058017575
80;22,8;0,053554684
90;22,8;0,049091794
100;22,8;0,044628904
110;22,8;0,040166013
120;22,8;0,035703123
130;22,8;0,031240233
140;22,8;0,026777342
150;22,8;0,022314452
160;22,8;0,017851561
170;22,8;0,013388671
180;22,8;0,008925781
190;22,8;0,00446289
200;22,8;0
0;22,9;0,090588418
10;22,9;0,086058998
20;22,9;0,081529577
30;22,9;0,077000156
40;22,9;0,072470735
50;22,9;0,067941314
60;22,9;0,063411893
70;22,9;0,058882472
80;22,9;0,054353051
90;22,9;0,04982363
100;22,9;0,045294209
110;22,9;0,040764788
120;22,9;0,036235367
130;22,9;0,031705946
140;22,9;0,027176526
150;22,9;0,022647105
160;22,9;0,018117684
170;22,9;0,013588263
180;22,9;0,009058842
190;22,9;0,004529421
200;22,9;0
0;23;0,091929606
10;23;0,087333126
20;23;0,082736645
30;23;0,078140165
40;23;0,073543685
50;23;0,068947205
60;23;0,064350724
70;23;0,059754244
80;23;0,055157764
90;23;0,050561283
100;23;0,045964803
110;23;0,041368323
120;23;0,036771842
130;23;0,032175362
140;23;0,027578882
150;23;0,022982402
160;23;0,018385921
170;23;0,013789441
180;23;0,009192961
190;23;0,00459648
200;23;0
0;23,1;0,093281073
10;23,1;0,08861702
20;23,1;0,083952966
30;23,1;0,079288912
40;23,1;0,074624859
50;23,1;0,069960805
60;23,1;0,065296751
70;23,1;0,060632698
80;23,1;0,055968644
90;23,1;0,05130459
100;23,1;0,046640537
110;23,1;0,041976483
120;23,1;0,037312429
130;23,1;0,032648376
140;23,1;0,027984322
150;23,1;0,023320268
160;23,1;0,018656215
170;23,1;0,013992161
180;23,1;0,009328107
190;23,1;0,004664054
200;23,1;0
0;23,2;0,094642502
10;23,2;0,089910377
20;23,2;0,085178252
30;23,2;0,080446127
40;23,2;0,075714002
50;23,2;0,070981877
60;23,2;0,066249752
70;23,2;0,061517626
80;23,2;0,056785501
90;23,2;0,052053376
100;23,2;0,047321251
110;23,2;0,042589126
120;23,2;0,037857001
130;23,2;0,033124876
140;23,2;0,028392751
150;23,2;0,023660626
160;23,2;0,0189285
170;23,2;0,014196375
180;23,2;0,00946425
190;23,2;0,004732125
200;23,2;0
0;23,3;0,096013553
10;23,3;0,091212875
20;23,3;0,086412198
30;23,3;0,08161152
40;23,3;0,076810842
50;23,3;0,072010165
60;23,3;0,067209487
70;23,3;0,062408809
80;23,3;0,057608132
90;23,3;0,052807454
100;23,3;0,048006776
110;23,3;0,043206099
120;23,3;0,038405421
130;23,3;0,033604744
140;23,3;0,028804066
150;23,3;0,024003388
160;23,3;0,019202711
170;23,3;0,014402033
180;23,3;0,009601355
190;23,3;0,004800678
200;23,3;0
0;23,4;0,097393863
10;23,4;0,092524169
20;23,4;0,087654476
30;23,4;0,082784783
40;23,4;0,07791509
50;23,4;0,073045397
60;23,4;0,068175704
70;23,4;0,063306011
80;23,4;0,058436318
90;23,4;0,053566624
100;23,4;0,048696931
110;23,4;0,043827238
120;23,4;0,038957545
130;23,4;0,034087852
140;23,4;0,029218159
150;23,4;0,024348466
160;23,4;0,019478773
170;23,4;0,014609079
180;23,4;0,009739386
190;23,4;0,004869693
200;23,4;0
0;23,5;0,098783045
10;23,5;0,093843892
20;23,5;0,08890474
30;23,5;0,083965588
40;23,5;0,079026436
50;23,5;0,074087283
60;23,5;0,069148131
70;23,5;0,064208979
80;23,5;0,059269827
90;23,5;0,054330675
100;23,5;0,049391522
110;23,5;0,04445237
120;23,5;0,039513218
130;23,5;0,034574066
140;23,5;0,029634913
150;23,5;0,024695761
160;23,5;0,019756609
170;23,5;0,014817457
180;23,5;0,009878304
190;23,5;0,004939152
200;23,5;0
0;23,6;0,100180688
10;23,6;0,095171653
20;23,6;0,090162619
30;23,6;0,085153585
40;23,6;0,08014455
50;23,6;0,075135516
60;23,6;0,070126481
70;23,6;0,065117447
80;23,6;0,060108413
90;23,6;0,055099378
100;23,6;0,050090344
110;23,6;0,045081309
120;23,6;0,040072275
130;23,6;0,035063241
140;23,6;0,030054206
150;23,6;0,025045172
160;23,6;0,020036138
170;23,6;0,015027103
180;23,6;0,010018069
190;23,6;0,005009034
200;23,6;0
0;23,7;0,101586355
10;23,7;0,096507037
20;23,7;0,09142772
30;23,7;0,086348402
40;23,7;0,081269084
50;23,7;0,076189766
60;23,7;0,071110449
70;23,7;0,066031131
80;23,7;0,060951813
90;23,7;0,055872495
100;23,7;0,050793178
110;23,7;0,04571386
120;23,7;0,040634542
130;23,7;0,035555224
140;23,7;0,030475907
150;23,7;0,025396589
160;23,7;0,020317271
170;23,7;0,015237953
180;23,7;0,010158636
190;23,7;0,005079318
200;23,7;0
0;23,8;0,102999583
10;23,8;0,097849604
20;23,8;0,092699625
30;23,8;0,087549646
40;23,8;0,082399666
50;23,8;0,077249687
60;23,8;0,072099708
70;23,8;0,066949729
80;23,8;0,06179975
90;23,8;0,056649771
100;23,8;0,051499791
110;23,8;0,046349812
120;23,8;0,041199833
130;23,8;0,036049854
140;23,8;0,030899875
150;23,8;0,025749896
160;23,8;0,020599917
170;23,8;0,015449937
180;23,8;0,010299958
190;23,8;0,005149979
200;23,8;0
0;23,9;0,10441988
10;23,9;0,099198886
20;23,9;0,093977892
30;23,9;0,088756898
40;23,9;0,083535904
50;23,9;0,07831491
60;23,9;0,073093916
70;23,9;0,067872922
80;23,9;0,062651928
90;23,9;0,057430934
100;23,9;0,05220994
110;23,9;0,046988946
120;23,9;0,041767952
130;23,9;0,036546958
140;23,9;0,031325964
150;23,9;0,02610497
160;23,9;0,020883976
170;23,9;0,015662982
180;23,9;0,010441988
190;23,9;0,005220994
200;23,9;0
0;24;0,105846726
10;24;0,10055439
20;24;0,095262054
30;24;0,089969717
40;24;0,084677381
50;24;0,079385045
60;24;0,074092708
70;24;0,068800372
80;24;0,063508036
90;24;0,058215699
100;24;0,052923363
110;24;0,047631027
120;24;0,04233869
130;24;0,037046354
140;24;0,031754018
150;24;0,026461682
160;24;0,021169345
170;24;0,015877009
180;24;0,010584673
190;24;0,005292336
200;24;0
0;24,1;0,107279571
10;24,1;0,101915592
20;24,1;0,096551614
30;24,1;0,091187635
40;24,1;0,085823657
50;24,1;0,080459678
60;24,1;0,0750957
70;24,1;0,069731721
80;24,1;0,064367743
90;24,1;0,059003764
100;24,1;0,053639786
110;24,1;0,048275807
120;24,1;0,042911828
130;24,1;0,03754785
140;24,1;0,032183871
150;24,1;0,026819893
160;24,1;0,021455914
170;24,1;0,016091936
180;24,1;0,010727957
190;24,1;0,005363979
200;24,1;0
0;24,2;0,108717833
10;24,2;0,103281942
20;24,2;0,09784605
30;24,2;0,092410158
40;24,2;0,086974267
50;24,2;0,081538375
60;24,2;0,076102483
70;24,2;0,070666592
80;24,2;0,0652307
90;24,2;0,059794808
100;24,2;0,054358917
110;24,2;0,048923025
120;24,2;0,043487133
130;24,2;0,038051242
140;24,2;0,03261535
150;24,2;0,027179458
160;24,2;0,021743567
170;24,2;0,016307675
180;24,2;0,010871783
190;24,2;0,005435892
200;24,2;0
0;24,3;0,1101609
10;24,3;0,104652855
20;24,3;0,09914481
30;24,3;0,093636765
40;24,3;0,08812872
50;24,3;0,082620675
60;24,3;0,07711263
70;24,3;0,071604585
80;24,3;0,06609654
90;24,3;0,060588495
100;24,3;0,05508045
110;24,3;0,049572405
120;24,3;0,04406436
130;24,3;0,038556315
140;24,3;0,03304827
150;24,3;0,027540225
160;24,3;0,02203218
170;24,3;0,016524135
180;24,3;0,01101609
190;24,3;0,005508045
200;24,3;0
0;24,4;0,111608123
10;24,4;0,106027717
20;24,4;0,100447311
30;24,4;0,094866905
40;24,4;0,089286498
50;24,4;0,083706092
60;24,4;0,078125686
70;24,4;0,07254528
80;24,4;0,066964874
90;24,4;0,061384468
100;24,4;0,055804062
110;24,4;0,050223655
120;24,4;0,044643249
130;24,4;0,039062843
140;24,4;0,033482437
150;24,4;0,027902031
160;24,4;0,022321625
170;24,4;0,016741218
180;24,4;0,011160812
190;24,4;0,005580406
200;24,4;0
0;24,5;0,113058821
10;24,5;0,10740588
20;24,5;0,101752939
30;24,5;0,096099998
40;24,5;0,090447057
50;24,5;0,084794116
60;24,5;0,079141175
70;24,5;0,073488234
80;24,5;0,067835293
90;24,5;0,062182352
100;24,5;0,056529411
110;24,5;0,05087647
120;24,5;0,045223529
130;24,5;0,039570587
140;24,5;0,033917646
150;24,5;0,028264705
160;24,5;0,022611764
170;24,5;0,016958823
180;24,5;0,011305882
190;24,5;0,005652941
200;24,5;0
0;24,6;0,114512277
10;24,6;0,108786663
20;24,6;0,103061049
30;24,6;0,097335435
40;24,6;0,091609821
50;24,6;0,085884207
60;24,6;0,080158594
70;24,6;0,07443298
80;24,6;0,068707366
90;24,6;0,062981752
100;24,6;0,057256138
110;24,6;0,051530524
120;24,6;0,045804911
130;24,6;0,040079297
140;24,6;0,034353683
150;24,6;0,028628069
160;24,6;0,022902455
170;24,6;0,017176841
180;24,6;0,011451228
190;24,6;0,005725614
200;24,6;0
0;24,7;0,115967733
10;24,7;0,110169347
20;24,7;0,10437096
30;24,7;0,098572573
40;24,7;0,092774187
50;24,7;0,0869758
60;24,7;0,081177413
70;24,7;0,075379027
80;24,7;0,06958064
90;24,7;0,063782253
100;24,7;0,057983867
110;24,7;0,05218548
120;24,7;0,046387093
130;24,7;0,040588707
140;24,7;0,03479032
150;24,7;0,028991933
160;24,7;0,023193547
170;24,7;0,01739516
180;24,7;0,011596773
190;24,7;0,005798387
200;24,7;0
0;24,8;0,117424397
10;24,8;0,111553177
20;24,8;0,105681957
30;24,8;0,099810737
40;24,8;0,093939518
50;24,8;0,088068298
60;24,8;0,082197078
70;24,8;0,076325858
80;24,8;0,070454638
90;24,8;0,064583418
100;24,8;0,058712198
110;24,8;0,052840979
120;24,8;0,046969759
130;24,8;0,041098539
140;24,8;0,035227319
150;24,8;0,029356099
160;24,8;0,023484879
170;24,8;0,01761366
180;24,8;0,01174244
190;24,8;0,00587122
200;24,8;0
0;24,9;0,118881433
10;24,9;0,112937361
20;24,9;0,10699329
30;24,9;0,101049218
40;24,9;0,095105146
50;24,9;0,089161075
60;24,9;0,083217003
70;24,9;0,077272932
80;24,9;0,07132886
90;24,9;0,065384788
100;24,9;0,059440717
110;24,9;0,053496645
120;24,9;0,047552573
130;24,9;0,041608502
140;24,9;0,03566443
150;24,9;0,029720358
160;24,9;0,023776287
170;24,9;0,017832215
180;24,9;0,011888143
190;24,9;0,005944072
200;24,9;0
0;25;0,120337965
10;25;0,114321067
20;25;0,108304169
30;25;0,10228727
40;25;0,096270372
50;25;0,090253474
60;25;0,084236576
70;25;0,078219677
80;25;0,072202779
90;25;0,066185881
100;25;0,060168983
110;25;0,054152084
120;25;0,048135186
130;25;0,042118288
140;25;0,03610139
150;25;0,030084491
160;25;0,024067593
170;25;0,018050695
180;25;0,012033797
190;25;0,006016898
200;25;0
0;25,1;0,121793073
10;25,1;0,115703419
20;25,1;0,109613766
30;25,1;0,103524112
40;25,1;0,097434458
50;25,1;0,091344805
60;25,1;0,085255151
70;25,1;0,079165497
80;25,1;0,073075844
90;25,1;0,06698619
100;25,1;0,060896536
110;25,1;0,054806883
120;25,1;0,048717229
130;25,1;0,042627575
140;25,1;0,036537922
150;25,1;0,030448268
160;25,1;0,024358615
170;25,1;0,018268961
180;25,1;0,012179307
190;25,1;0,006089654
200;25,1;0
0;25,2;0,123245792
10;25,2;0,117083502
20;25,2;0,110921212
30;25,2;0,104758923
40;25,2;0,098596633
50;25,2;0,092434344
60;25,2;0,086272054
70;25,2;0,080109765
80;25,2;0,073947475
90;25,2;0,067785185
100;25,2;0,061622896
110;25,2;0,055460606
120;25,2;0,049298317
130;25,2;0,043136027
140;25,2;0,036973737
150;25,2;0,030811448
160;25,2;0,024649158
170;25,2;0,018486869
180;25,2;0,012324579
190;25,2;0,00616229
200;25,2;0
0;25,3;0,12469511
10;25,3;0,118460354
20;25,3;0,112225599
30;25,3;0,105990843
40;25,3;0,099756088
50;25,3;0,093521332
60;25,3;0,087286577
70;25,3;0,081051821
80;25,3;0,074817066
90;25,3;0,06858231
100;25,3;0,062347555
110;25,3;0,056112799
120;25,3;0,049878044
130;25,3;0,043643288
140;25,3;0,037408533
150;25,3;0,031173777
160;25,3;0,024939022
170;25,3;0,018704266
180;25,3;0,012469511
190;25,3;0,006234755
200;25,3;0
0;25,4;0,126139967
10;25,4;0,119832969
20;25,4;0,11352597
30;25,4;0,107218972
40;25,4;0,100911974
50;25,4;0,094604975
60;25,4;0,088297977
70;25,4;0,081990979
80;25,4;0,07568398
90;25,4;0,069376982
100;25,4;0,063069984
110;25,4;0,056762985
120;25,4;0,050455987
130;25,4;0,044148989
140;25,4;0,03784199
150;25,4;0,031534992
160;25,4;0,025227993
170;25,4;0,018920995
180;25,4;0,012613997
190;25,4;0,006306998
200;25,4;0
0;25,5;0,127579254
10;25,5;0,121200292
20;25,5;0,114821329
30;25,5;0,108442366
40;25,5;0,102063403
50;25,5;0,095684441
60;25,5;0,089305478
70;25,5;0,082926515
80;25,5;0,076547553
90;25,5;0,07016859
100;25,5;0,063789627
110;25,5;0,057410664
120;25,5;0,051031702
130;25,5;0,044652739
140;25,5;0,038273776
150;25,5;0,031894814
160;25,5;0,025515851
170;25,5;0,019136888
180;25,5;0,012757925
190;25,5;0,006378963
200;25,5;0
0;25,6;0,129011809
10;25,6;0,122561218
20;25,6;0,116110628
30;25,6;0,109660037
40;25,6;0,103209447
50;25,6;0,096758857
60;25,6;0,090308266
70;25,6;0,083857676
80;25,6;0,077407085
90;25,6;0,070956495
100;25,6;0,064505904
110;25,6;0,058055314
120;25,6;0,051604724
130;25,6;0,045154133
140;25,6;0,038703543
150;25,6;0,032252952
160;25,6;0,025802362
170;25,6;0,019351771
180;25,6;0,012901181
190;25,6;0,00645059
200;25,6;0
0;25,7;0,130436415
10;25,7;0,123914594
20;25,7;0,117392774
30;25,7;0,110870953
40;25,7;0,104349132
50;25,7;0,097827311
60;25,7;0,091305491
70;25,7;0,08478367
80;25,7;0,078261849
90;25,7;0,071740028
100;25,7;0,065218208
110;25,7;0,058696387
120;25,7;0,052174566
130;25,7;0,045652745
140;25,7;0,039130925
150;25,7;0,032609104
160;25,7;0,026087283
170;25,7;0,019565462
180;25,7;0,013043642
190;25,7;0,006521821
200;25,7;0
0;25,8;0,131851802
10;25,8;0,125259212
20;25,8;0,118666622
30;25,8;0,112074032
40;25,8;0,105481442
50;25,8;0,098888851
60;25,8;0,092296261
70;25,8;0,085703671
80;25,8;0,079111081
90;25,8;0,072518491
100;25,8;0,065925901
110;25,8;0,059333311
120;25,8;0,052740721
130;25,8;0,046148131
140;25,8;0,039555541
150;25,8;0,03296295
160;25,8;0,02637036
170;25,8;0,01977777
180;25,8;0,01318518
190;25,8;0,00659259
200;25,8;0
0;25,9;0,13325664
10;25,9;0,126593808
20;25,9;0,119930976
30;25,9;0,113268144
40;25,9;0,106605312
50;25,9;0,09994248
60;25,9;0,093279648
70;25,9;0,086616816
80;25,9;0,079953984
90;25,9;0,073291152
100;25,9;0,06662832
110;25,9;0,059965488
120;25,9;0,053302656
130;25,9;0,046639824
140;25,9;0,039976992
150;25,9;0,03331416
160;25,9;0,026651328
170;25,9;0,019988496
180;25,9;0,013325664
190;25,9;0,006662832
200;25,9;0
0;26;0,13464954
10;26;0,127917063
20;26;0,121184586
30;26;0,114452109
40;26;0,107719632
50;26;0,100987155
60;26;0,094254678
70;26;0,087522201
80;26;0,080789724
90;26;0,074057247
100;26;0,06732477
110;26;0,060592293
120;26;0,053859816
130;26;0,047127339
140;26;0,040394862
150;26;0,033662385
160;26;0,026929908
170;26;0,020197431
180;26;0,013464954
190;26;0,006732477
200;26;0
0;26,1;0,136029052
10;26,1;0,129227599
20;26,1;0,122426147
30;26,1;0,115624694
40;26,1;0,108823241
50;26,1;0,102021789
60;26,1;0,095220336
70;26,1;0,088418884
80;26,1;0,081617431
90;26,1;0,074815978
100;26,1;0,068014526
110;26,1;0,061213073
120;26,1;0,054411621
130;26,1;0,047610168
140;26,1;0,040808716
150;26,1;0,034007263
160;26,1;0,02720581
170;26,1;0,020404358
180;26,1;0,013602905
190;26,1;0,006801453
200;26,1;0
0;26,2;0,13739366
10;26,2;0,130523977
20;26,2;0,123654294
30;26,2;0,116784611
40;26,2;0,109914928
50;26,2;0,103045245
60;26,2;0,096175562
70;26,2;0,089305879
80;26,2;0,082436196
90;26,2;0,075566513
100;26,2;0,06869683
110;26,2;0,061827147
120;26,2;0,054957464
130;26,2;0,048087781
140;26,2;0,041218098
150;26,2;0,034348415
160;26,2;0,027478732
170;26,2;0,020609049
180;26,2;0,013739366
190;26,2;0,006869683
200;26,2;0
0;26,3;0,138741783
10;26,3;0,131804694
20;26,3;0,124867604
30;26,3;0,117930515
40;26,3;0,110993426
50;26,3;0,104056337
60;26,3;0,097119248
70;26,3;0,090182159
80;26,3;0,08324507
90;26,3;0,076307981
100;26,3;0,069370891
110;26,3;0,062433802
120;26,3;0,055496713
130;26,3;0,048559624
140;26,3;0,041622535
150;26,3;0,034685446
160;26,3;0,027748357
170;26,3;0,020811267
180;26,3;0,013874178
190;26,3;0,006937089
200;26,3;0
0;26,4;0,140071771
10;26,4;0,133068182
20;26,4;0,126064594
30;26,4;0,119061005
40;26,4;0,112057416
50;26,4;0,105053828
60;26,4;0,098050239
70;26,4;0,091046651
80;26,4;0,084043062
90;26,4;0,077039474
100;26,4;0,070035885
110;26,4;0,063032297
120;26,4;0,056028708
130;26,4;0,04902512
140;26,4;0,042021531
150;26,4;0,035017943
160;26,4;0,028014354
170;26,4;0,021010766
180;26,4;0,014007177
190;26,4;0,007003589
200;26,4;0
0;26,5;0,141381902
10;26,5;0,134312807
20;26,5;0,127243712
30;26,5;0,120174617
40;26,5;0,113105522
50;26,5;0,106036427
60;26,5;0,098967331
70;26,5;0,091898236
80;26,5;0,084829141
90;26,5;0,077760046
100;26,5;0,070690951
110;26,5;0,063621856
120;26,5;0,056552761
130;26,5;0,049483666
140;26,5;0,042414571
150;26,5;0,035345476
160;26,5;0,02827638
170;26,5;0,021207285
180;26,5;0,01413819
190;26,5;0,007069095
200;26,5;0
0;26,6;0,142670382
10;26,6;0,135536863
20;26,6;0,128403344
30;26,6;0,121269825
40;26,6;0,114136306
50;26,6;0,107002787
60;26,6;0,099869268
70;26,6;0,092735749
80;26,6;0,085602229
90;26,6;0,07846871
100;26,6;0,071335191
110;26,6;0,064201672
120;26,6;0,057068153
130;26,6;0,049934634
140;26,6;0,042801115
150;26,6;0,035667596
160;26,6;0,028534076
170;26,6;0,021400557
180;26,6;0,014267038
190;26,6;0,007133519
200;26,6;0
0;26,7;0,14393534
10;26,7;0,136738573
20;26,7;0,129541806
30;26,7;0,122345039
40;26,7;0,115148272
50;26,7;0,107951505
60;26,7;0,100754738
70;26,7;0,093557971
80;26,7;0,086361204
90;26,7;0,079164437
100;26,7;0,07196767
110;26,7;0,064770903
120;26,7;0,057574136
130;26,7;0,050377369
140;26,7;0,043180602
150;26,7;0,035983835
160;26,7;0,028787068
170;26,7;0,021590301
180;26,7;0,014393534
190;26,7;0,007196767
200;26,7;0
0;26,8;0,145174826
10;26,8;0,137916085
20;26,8;0,130657343
30;26,8;0,123398602
40;26,8;0,116139861
50;26,8;0,108881119
60;26,8;0,101622378
70;26,8;0,094363637
80;26,8;0,087104896
90;26,8;0,079846154
100;26,8;0,072587413
110;26,8;0,065328672
120;26,8;0,05806993
130;26,8;0,050811189
140;26,8;0,043552448
150;26,8;0,036293706
160;26,8;0,029034965
170;26,8;0,021776224
180;26,8;0,014517483
190;26,8;0,007258741
200;26,8;0
0;26,9;0,146386808
10;26,9;0,139067467
20;26,9;0,131748127
30;26,9;0,124428787
40;26,9;0,117109446
50;26,9;0,109790106
60;26,9;0,102470765
70;26,9;0,095151425
80;26,9;0,087832085
90;26,9;0,080512744
100;26,9;0,073193404
110;26,9;0,065874063
120;26,9;0,058554723
130;26,9;0,051235383
140;26,9;0,043916042
150;26,9;0,036596702
160;26,9;0,029277362
170;26,9;0,021958021
180;26,9;0,014638681
190;26,9;0,00731934
200;26,9;0
0;27;0,14756917
10;27;0,140190711
20;27;0,132812253
30;27;0,125433794
40;27;0,118055336
50;27;0,110676877
60;27;0,103298419
70;27;0,09591996
80;27;0,088541502
90;27;0,081163043
100;27;0,073784585
110;27;0,066406126
120;27;0,059027668
130;27;0,051649209
140;27;0,044270751
150;27;0,036892292
160;27;0,029513834
170;27;0,022135375
180;27;0,014756917
190;27;0,007378458
200;27;0
0;27,1;0,148719709
10;27,1;0,141283723
20;27,1;0,133847738
30;27,1;0,126411752
40;27,1;0,118975767
50;27,1;0,111539782
60;27,1;0,104103796
70;27,1;0,096667811
80;27,1;0,089231825
90;27,1;0,08179584
100;27,1;0,074359854
110;27,1;0,066923869
120;27,1;0,059487883
130;27,1;0,052051898
140;27,1;0,044615913
150;27,1;0,037179927
160;27,1;0,029743942
170;27,1;0,022307956
180;27,1;0,014871971
190;27,1;0,007435985
200;27,1;0
0;27,2;0,149836131
10;27,2;0,142344324
20;27,2;0,134852518
30;27,2;0,127360711
40;27,2;0,119868905
50;27,2;0,112377098
60;27,2;0,104885292
70;27,2;0,097393485
80;27,2;0,089901679
90;27,2;0,082409872
100;27,2;0,074918066
110;27,2;0,067426259
120;27,2;0,059934452
130;27,2;0,052442646
140;27,2;0,044950839
150;27,2;0,037459033
160;27,2;0,029967226
170;27,2;0,02247542
180;27,2;0,014983613
190;27,2;0,007491807
200;27,2;0
0;27,3;0,15091605
10;27,3;0,143370247
20;27,3;0,135824445
30;27,3;0,128278642
40;27,3;0,12073284
50;27,3;0,113187037
60;27,3;0,105641235
70;27,3;0,098095432
80;27,3;0,09054963
90;27,3;0,083003827
100;27,3;0,075458025
110;27,3;0,067912222
120;27,3;0,06036642
130;27,3;0,052820617
140;27,3;0,045274815
150;27,3;0,037729012
160;27,3;0,03018321
170;27,3;0,022637407
180;27,3;0,015091605
190;27,3;0,007545802
200;27,3;0
0;27,4;0,151956981
10;27,4;0,144359132
20;27,4;0,136761283
30;27,4;0,129163434
40;27,4;0,121565585
50;27,4;0,113967736
60;27,4;0,106369887
70;27,4;0,098772038
80;27,4;0,091174189
90;27,4;0,08357634
100;27,4;0,075978491
110;27,4;0,068380641
120;27,4;0,060782792
130;27,4;0,053184943
140;27,4;0,045587094
150;27,4;0,037989245
160;27,4;0,030391396
170;27,4;0,022793547
180;27,4;0,015195698
190;27,4;0,007597849
200;27,4;0
0;27,5;0,152956341
10;27,5;0,145308524
20;27,5;0,137660707
30;27,5;0,13001289
40;27,5;0,122365073
50;27,5;0,114717256
60;27,5;0,107069439
70;27,5;0,099421622
80;27,5;0,091773805
90;27,5;0,084125988
100;27,5;0,076478171
110;27,5;0,068830354
120;27,5;0,061182537
130;27,5;0,053534719
140;27,5;0,045886902
150;27,5;0,038239085
160;27,5;0,030591268
170;27,5;0,022943451
180;27,5;0,015295634
190;27,5;0,007647817
200;27,5;0
0;27,6;0,153911444
10;27,6;0,146215872
20;27,6;0,1385203
30;27,6;0,130824727
40;27,6;0,123129155
50;27,6;0,115433583
60;27,6;0,107738011
70;27,6;0,100042439
80;27,6;0,092346866
90;27,6;0,084651294
100;27,6;0,076955722
110;27,6;0,06926015
120;27,6;0,061564578
130;27,6;0,053869005
140;27,6;0,046173433
150;27,6;0,038477861
160;27,6;0,030782289
170;27,6;0,023086717
180;27,6;0,015391144
190;27,6;0,007695572
200;27,6;0
0;27,7;0,154819495
10;27,7;0,14707852
20;27,7;0,139337546
30;27,7;0,131596571
40;27,7;0,123855596
50;27,7;0,116114621
60;27,7;0,108373647
70;27,7;0,100632672
80;27,7;0,092891697
90;27,7;0,085150722
100;27,7;0,077409748
110;27,7;0,069668773
120;27,7;0,061927798
130;27,7;0,054186823
140;27,7;0,046445849
150;27,7;0,038704874
160;27,7;0,030963899
170;27,7;0,023222924
180;27,7;0,01548195
190;27,7;0,007740975
200;27,7;0
0;27,8;0,155677591
10;27,8;0,147893711
20;27,8;0,140109831
30;27,8;0,132325952
40;27,8;0,124542072
50;27,8;0,116758193
60;27,8;0,108974313
70;27,8;0,101190434
80;27,8;0,093406554
90;27,8;0,085622675
100;27,8;0,077838795
110;27,8;0,070054916
120;27,8;0,062271036
130;27,8;0,054487157
140;27,8;0,046703277
150;27,8;0,038919398
160;27,8;0,031135518
170;27,8;0,023351639
180;27,8;0,015567759
190;27,8;0,00778388
200;27,8;0
0;27,9;0,156482712
10;27,9;0,148658576
20;27,9;0,140834441
30;27,9;0,133010305
40;27,9;0,12518617
50;27,9;0,117362034
60;27,9;0,109537898
70;27,9;0,101713763
80;27,9;0,093889627
90;27,9;0,086065492
100;27,9;0,078241356
110;27,9;0,07041722
120;27,9;0,062593085
130;27,9;0,054768949
140;27,9;0,046944814
150;27,9;0,039120678
160;27,9;0,031296542
170;27,9;0,023472407
180;27,9;0,015648271
190;27,9;0,007824136
200;27,9;0
0;28;0,157231723
10;28;0,149370137
20;28;0,141508551
30;28;0,133646965
40;28;0,125785379
50;28;0,117923792
60;28;0,110062206
70;28;0,10220062
80;28;0,094339034
90;28;0,086477448
100;28;0,078615862
110;28;0,070754275
120;28;0,062892689
130;28;0,055031103
140;28;0,047169517
150;28;0,039307931
160;28;0,031446345
170;28;0,023584758
180;28;0,015723172
190;28;0,007861586
200;28;0
0;28,1;0,157921366
10;28,1;0,150025297
20;28,1;0,142129229
30;28,1;0,134233161
40;28,1;0,126337093
50;28,1;0,118441024
60;28,1;0,110544956
70;28,1;0,102648888
80;28,1;0,094752819
90;28,1;0,086856751
100;28,1;0,078960683
110;28,1;0,071064615
120;28,1;0,063168546
130;28,1;0,055272478
140;28,1;0,04737641
150;28,1;0,039480341
160;28,1;0,031584273
170;28,1;0,023688205
180;28,1;0,015792137
190;28,1;0,007896068
200;28,1;0
0;28,2;0,158548255
10;28,2;0,150620843
20;28,2;0,14269343
30;28,2;0,134766017
40;28,2;0,126838604
50;28,2;0,118911192
60;28,2;0,110983779
70;28,2;0,103056366
80;28,2;0,095128953
90;28,2;0,087201541
100;28,2;0,079274128
110;28,2;0,071346715
120;28,2;0,063419302
130;28,2;0,055491889
140;28,2;0,047564477
150;28,2;0,039637064
160;28,2;0,031709651
170;28,2;0,023782238
180;28,2;0,015854826
190;28,2;0,007927413
200;28,2;0
0;28,3;0,159108878
10;28,3;0,151153434
20;28,3;0,14319799
30;28,3;0,135242546
40;28,3;0,127287102
50;28,3;0,119331658
60;28,3;0,111376214
70;28,3;0,103420771
80;28,3;0,095465327
90;28,3;0,087509883
100;28,3;0,079554439
110;28,3;0,071598995
120;28,3;0,063643551
130;28,3;0,055688107
140;28,3;0,047732663
150;28,3;0,039777219
160;28,3;0,031821776
170;28,3;0,023866332
180;28,3;0,015910888
190;28,3;0,007955444
200;28,3;0
0;28,4;0,159599583
10;28,4;0,151619604
20;28,4;0,143639625
30;28,4;0,135659646
40;28,4;0,127679667
50;28,4;0,119699688
60;28,4;0,111719708
70;28,4;0,103739729
80;28,4;0,09575975
90;28,4;0,087779771
100;28,4;0,079799792
110;28,4;0,071819813
120;28,4;0,063839833
130;28,4;0,055859854
140;28,4;0,047879875
150;28,4;0,039899896
160;28,4;0,031919917
170;28,4;0,023939938
180;28,4;0,015959958
190;28,4;0,007979979
200;28,4;0
0;28,5;0,160016584
10;28,5;0,152015755
20;28,5;0,144014926
30;28,5;0,136014096
40;28,5;0,128013267
50;28,5;0,120012438
60;28,5;0,112011609
70;28,5;0,10401078
80;28,5;0,09600995
90;28,5;0,088009121
100;28,5;0,080008292
110;28,5;0,072007463
120;28,5;0,064006634
130;28,5;0,056005804
140;28,5;0,048004975
150;28,5;0,040004146
160;28,5;0,032003317
170;28,5;0,024002488
180;28,5;0,016001658
190;28,5;0,008000829
200;28,5;0
0;28,6;0,160355948
10;28,6;0,152338151
20;28,6;0,144320353
30;28,6;0,136302556
40;28,6;0,128284758
50;28,6;0,120266961
60;28,6;0,112249164
70;28,6;0,104231366
80;28,6;0,096213569
90;28,6;0,088195771
100;28,6;0,080177974
110;28,6;0,072160177
120;28,6;0,064142379
130;28,6;0,056124582
140;28,6;0,048106784
150;28,6;0,040088987
160;28,6;0,03207119
170;28,6;0,024053392
180;28,6;0,016035595
190;28,6;0,008017797
200;28,6;0
0;28,7;0,160613594
10;28,7;0,152582915
20;28,7;0,144552235
30;28,7;0,136521555
40;28,7;0,128490876
50;28,7;0,120460196
60;28,7;0,112429516
70;28,7;0,104398836
80;28,7;0,096368157
90;28,7;0,088337477
100;28,7;0,080306797
110;28,7;0,072276118
120;28,7;0,064245438
130;28,7;0,056214758
140;28,7;0,048184078
150;28,7;0,040153399
160;28,7;0,032122719
170;28,7;0,024092039
180;28,7;0,016061359
190;28,7;0,00803068
200;28,7;0
0;28,8;0,16078529
10;28,8;0,152746026
20;28,8;0,144706761
30;28,8;0,136667497
40;28,8;0,128628232
50;28,8;0,120588968
60;28,8;0,112549703
70;28,8;0,104510439
80;28,8;0,096471174
90;28,8;0,08843191
100;28,8;0,080392645
110;28,8;0,072353381
120;28,8;0,064314116
130;28,8;0,056274852
140;28,8;0,048235587
150;28,8;0,040196323
160;28,8;0,032157058
170;28,8;0,024117794
180;28,8;0,016078529
190;28,8;0,008039265
200;28,8;0
0;28,9;0,160866643
10;28,9;0,15282331
20;28,9;0,144779978
30;28,9;0,136736646
40;28,9;0,128693314
50;28,9;0,120649982
60;28,9;0,11260665
70;28,9;0,104563318
80;28,9;0,096519986
90;28,9;0,088476653
100;28,9;0,080433321
110;28,9;0,072389989
120;28,9;0,064346657
130;28,9;0,056303325
140;28,9;0,048259993
150;28,9;0,040216661
160;28,9;0,032173329
170;28,9;0,024129996
180;28,9;0,016086664
190;28,9;0,008043332
200;28,9;0
0;29;0,160853096
10;29;0,152810441
20;29;0,144767786
30;29;0,136725132
40;29;0,128682477
50;29;0,120639822
60;29;0,112597167
70;29;0,104554512
80;29;0,096511858
90;29;0,088469203
100;29;0,080426548
110;29;0,072383893
120;29;0,064341238
130;29;0,056298584
140;29;0,048255929
150;29;0,040213274
160;29;0,032170619
170;29;0,024127964
180;29;0,01608531
190;29;0,008042655
200;29;0
0;29,1;0,160739926
10;29,1;0,15270293
20;29,1;0,144665933
30;29,1;0,136628937
40;29,1;0,128591941
50;29,1;0,120554945
60;29,1;0,112517948
70;29,1;0,104480952
80;29,1;0,096443956
90;29,1;0,088406959
100;29,1;0,080369963
110;29,1;0,072332967
120;29,1;0,06429597
130;29,1;0,056258974
140;29,1;0,048221978
150;29,1;0,040184982
160;29,1;0,032147985
170;29,1;0,024110989
180;29,1;0,016073993
190;29,1;0,008036996
200;29,1;0
0;29,2;0,160522233
10;29,2;0,152496122
20;29,2;0,14447001
30;29,2;0,136443898
40;29,2;0,128417787
50;29,2;0,120391675
60;29,2;0,112365563
70;29,2;0,104339452
80;29,2;0,09631334
90;29,2;0,088287228
100;29,2;0,080261117
110;29,2;0,072235005
120;29,2;0,064208893
130;29,2;0,056182782
140;29,2;0,04815667
150;29,2;0,040130558
160;29,2;0,032104447
170;29,2;0,024078335
180;29,2;0,016052223
190;29,2;0,008026112
200;29,2;0
0;29,3;0,160194938
10;29,3;0,152185191
20;29,3;0,144175444
30;29,3;0,136165697
40;29,3;0,128155951
50;29,3;0,120146204
60;29,3;0,112136457
70;29,3;0,10412671
80;29,3;0,096116963
90;29,3;0,088107216
100;29,3;0,080097469
110;29,3;0,072087722
120;29,3;0,064077975
130;29,3;0,056068228
140;29,3;0,048058481
150;29,3;0,040048735
160;29,3;0,032038988
170;29,3;0,024029241
180;29,3;0,016019494
190;29,3;0,008009747
200;29,3;0
0;29,4;0,159752775
10;29,4;0,151765137
20;29,4;0,143777498
30;29,4;0,135789859
40;29,4;0,12780222
50;29,4;0,119814582
60;29,4;0,111826943
70;29,4;0,103839304
80;29,4;0,095851665
90;29,4;0,087864026
100;29,4;0,079876388
110;29,4;0,071888749
120;29,4;0,06390111
130;29,4;0,055913471
140;29,4;0,047925833
150;29,4;0,039938194
160;29,4;0,031950555
170;29,4;0,023962916
180;29,4;0,015975278
190;29,4;0,007987639
200;29,4;0
0;29,5;0,159190287
10;29,5;0,151230773
20;29,5;0,143271259
30;29,5;0,135311744
40;29,5;0,12735223
50;29,5;0,119392715
60;29,5;0,111433201
70;29,5;0,103473687
80;29,5;0,095514172
90;29,5;0,087554658
100;29,5;0,079595144
110;29,5;0,071635629
120;29,5;0,063676115
130;29,5;0,055716601
140;29,5;0,047757086
150;29,5;0,039797572
160;29,5;0,031838057
170;29,5;0,023878543
180;29,5;0,015919029
190;29,5;0,007959514
200;29,5;0
0;29,6;0,158501818
10;29,6;0,150576727
20;29,6;0,142651636
30;29,6;0,134726545
40;29,6;0,126801454
50;29,6;0,118876363
60;29,6;0,110951273
70;29,6;0,103026182
80;29,6;0,095101091
90;29,6;0,087176
100;29,6;0,079250909
110;29,6;0,071325818
120;29,6;0,063400727
130;29,6;0,055475636
140;29,6;0,047550545
150;29,6;0,039625454
160;29,6;0,031700364
170;29,6;0,023775273
180;29,6;0,015850182
190;29,6;0,007925091
200;29,6;0
0;29,7;0,157681507
10;29,7;0,149797431
20;29,7;0,141913356
30;29,7;0,134029281
40;29,7;0,126145205
50;29,7;0,11826113
60;29,7;0,110377055
70;29,7;0,102492979
80;29,7;0,094608904
90;29,7;0,086724829
100;29,7;0,078840753
110;29,7;0,070956678
120;29,7;0,063072603
130;29,7;0,055188527
140;29,7;0,047304452
150;29,7;0,039420377
160;29,7;0,031536301
170;29,7;0,023652226
180;29,7;0,015768151
190;29,7;0,007884075
200;29,7;0
0;29,8;0,156723281
10;29,8;0,148887117
20;29,8;0,141050953
30;29,8;0,133214789
40;29,8;0,125378625
50;29,8;0,117542461
60;29,8;0,109706297
70;29,8;0,101870133
80;29,8;0,094033969
90;29,8;0,086197805
100;29,8;0,078361641
110;29,8;0,070525476
120;29,8;0,062689312
130;29,8;0,054853148
140;29,8;0,047016984
150;29,8;0,03918082
160;29,8;0,031344656
170;29,8;0,023508492
180;29,8;0,015672328
190;29,8;0,007836164
200;29,8;0
0;29,9;0,155620851
10;29,9;0,147839808
20;29,9;0,140058766
30;29,9;0,132277723
40;29,9;0,124496681
50;29,9;0,116715638
60;29,9;0,108934596
70;29,9;0,101153553
80;29,9;0,093372511
90;29,9;0,085591468
100;29,9;0,077810425
110;29,9;0,070029383
120;29,9;0,06224834
130;29,9;0,054467298
140;29,9;0,046686255
150;29,9;0,038905213
160;29,9;0,03112417
170;29,9;0,023343128
180;29,9;0,015562085
190;29,9;0,007781043
200;29,9;0
0;30;0,1543677
10;30;0,146649315
20;30;0,13893093
30;30;0,131212545
40;30;0,12349416
50;30;0,115775775
60;30;0,10805739
70;30;0,100339005
80;30;0,09262062
90;30;0,084902235
100;30;0,07718385
110;30;0,069465465
120;30;0,06174708
130;30;0,054028695
140;30;0,04631031
150;30;0,038591925
160;30;0,03087354
170;30;0,023155155
180;30;0,01543677
190;30;0,007718385
200;30;0
0;30,1;0,152957082
10;30,1;0,145309228
20;30,1;0,137661374
30;30,1;0,130013519
40;30,1;0,122365665
50;30,1;0,114717811
60;30,1;0,107069957
70;30,1;0,099422103
80;30,1;0,091774249
90;30,1;0,084126395
100;30,1;0,076478541
110;30,1;0,068830687
120;30,1;0,061182833
130;30,1;0,053534979
140;30,1;0,045887125
150;30,1;0,03823927
160;30,1;0,030591416
170;30,1;0,022943562
180;30,1;0,015295708
190;30,1;0,007647854
200;30,1;0
0;30,2;0,151382006
10;30,2;0,143812906
20;30,2;0,136243806
30;30,2;0,128674705
40;30,2;0,121105605
50;30,2;0,113536505
60;30,2;0,105967405
70;30,2;0,098398304
80;30,2;0,090829204
90;30,2;0,083260104
100;30,2;0,075691003
110;30,2;0,068121903
120;30,2;0,060552803
130;30,2;0,052983702
140;30,2;0,045414602
150;30,2;0,037845502
160;30,2;0,030276401
170;30,2;0,022707301
180;30,2;0,015138201
190;30,2;0,0075691
200;30,2;0
0;30,3;0,149635239
10;30,3;0,142153477
20;30,3;0,134671715
30;30,3;0,127189953
40;30,3;0,119708191
50;30,3;0,112226429
60;30,3;0,104744667
70;30,3;0,097262905
80;30,3;0,089781143
90;30,3;0,082299381
100;30,3;0,07481762
110;30,3;0,067335858
120;30,3;0,059854096
130;30,3;0,052372334
140;30,3;0,044890572
150;30,3;0,03740881
160;30,3;0,029927048
170;30,3;0,022445286
180;30,3;0,014963524
190;30,3;0,007481762
200;30,3;0
0;30,4;0,147709288
10;30,4;0,140323824
20;30,4;0,132938359
30;30,4;0,125552895
40;30,4;0,118167431
50;30,4;0,110781966
60;30,4;0,103396502
70;30,4;0,096011037
80;30,4;0,088625573
90;30,4;0,081240108
100;30,4;0,073854644
110;30,4;0,06646918
120;30,4;0,059083715
130;30,4;0,051698251
140;30,4;0,044312786
150;30,4;0,036927322
160;30,4;0,029541858
170;30,4;0,022156393
180;30,4;0,014770929
190;30,4;0,007385464
200;30,4;0
0;30,5;0,145596399
10;30,5;0,138316579
20;30,5;0,131036759
30;30,5;0,123756939
40;30,5;0,116477119
50;30,5;0,109197299
60;30,5;0,101917479
70;30,5;0,094637659
80;30,5;0,087357839
90;30,5;0,080078019
100;30,5;0,072798199
110;30,5;0,065518379
120;30,5;0,05823856
130;30,5;0,05095874
140;30,5;0,04367892
150;30,5;0,0363991
160;30,5;0,02911928
170;30,5;0,02183946
180;30,5;0,01455964
190;30,5;0,00727982
200;30,5;0
0;30,6;0,143288544
10;30,6;0,136124117
20;30,6;0,128959689
30;30,6;0,121795262
40;30,6;0,114630835
50;30,6;0,107466408
60;30,6;0,100301981
70;30,6;0,093137554
80;30,6;0,085973126
90;30,6;0,078808699
100;30,6;0,071644272
110;30,6;0,064479845
120;30,6;0,057315418
130;30,6;0,05015099
140;30,6;0,042986563
150;30,6;0,035822136
160;30,6;0,028657709
170;30,6;0,021493282
180;30,6;0,014328854
190;30,6;0,007164427
200;30,6;0
0;30,7;0,140777415
10;30,7;0,133738545
20;30,7;0,126699674
30;30,7;0,119660803
40;30,7;0,112621932
50;30,7;0,105583062
60;30,7;0,098544191
70;30,7;0,09150532
80;30,7;0,084466449
90;30,7;0,077427579
100;30,7;0,070388708
110;30,7;0,063349837
120;30,7;0,056310966
130;30,7;0,049272095
140;30,7;0,042233225
150;30,7;0,035194354
160;30,7;0,028155483
170;30,7;0,021116612
180;30,7;0,014077742
190;30,7;0,007038871
200;30,7;0
0;30,8;0,138054416
10;30,8;0,131151695
20;30,8;0,124248975
30;30,8;0,117346254
40;30,8;0,110443533
50;30,8;0,103540812
60;30,8;0,096638091
70;30,8;0,089735371
80;30,8;0,08283265
90;30,8;0,075929929
100;30,8;0,069027208
110;30,8;0,062124487
120;30,8;0,055221766
130;30,8;0,048319046
140;30,8;0,041416325
150;30,8;0,034513604
160;30,8;0,027610883
170;30,8;0,020708162
180;30,8;0,013805442
190;30,8;0,006902721
200;30,8;0
0;30,9;0,13511065
10;30,9;0,128355117
20;30,9;0,121599585
30;30,9;0,114844052
40;30,9;0,10808852
50;30,9;0,101332987
60;30,9;0,094577455
70;30,9;0,087821922
80;30,9;0,08106639
90;30,9;0,074310857
100;30,9;0,067555325
110;30,9;0,060799792
120;30,9;0,05404426
130;30,9;0,047288727
140;30,9;0,040533195
150;30,9;0,033777662
160;30,9;0,02702213
170;30,9;0,020266597
180;30,9;0,013511065
190;30,9;0,006755532
200;30,9;0
0;31;0,131936911
10;31;0,125340065
20;31;0,11874322
30;31;0,112146374
40;31;0,105549529
50;31;0,098952683
60;31;0,092355838
70;31;0,085758992
80;31;0,079162147
90;31;0,072565301
100;31;0,065968455
110;31;0,05937161
120;31;0,052774764
130;31;0,046177919
140;31;0,039581073
150;31;0,032984228
160;31;0,026387382
170;31;0,019790537
180;31;0,013193691
190;31;0,006596846
200;31;0
0;31,1;0,128523678
10;31,1;0,122097494
20;31,1;0,11567131
30;31,1;0,109245126
40;31,1;0,102818942
50;31,1;0,096392758
60;31,1;0,089966574
70;31,1;0,08354039
80;31,1;0,077114207
90;31,1;0,070688023
100;31,1;0,064261839
110;31,1;0,057835655
120;31,1;0,051409471
130;31,1;0,044983287
140;31,1;0,038557103
150;31,1;0,032130919
160;31,1;0,025704736
170;31,1;0,019278552
180;31,1;0,012852368
190;31,1;0,006426184
200;31,1;0
0;31,2;0,124861099
10;31,2;0,118618044
20;31,2;0,112374989
30;31,2;0,106131934
40;31,2;0,099888879
50;31,2;0,093645824
60;31,2;0,087402769
70;31,2;0,081159714
80;31,2;0,074916659
90;31,2;0,068673604
100;31,2;0,062430549
110;31,2;0,056187494
120;31,2;0,049944439
130;31,2;0,043701385
140;31,2;0,03745833
150;31,2;0,031215275
160;31,2;0,02497222
170;31,2;0,018729165
180;31,2;0,01248611
190;31,2;0,006243055
200;31,2;0
0;31,3;0,120938985
10;31,3;0,114892036
20;31,3;0,108845087
30;31,3;0,102798137
40;31,3;0,096751188
50;31,3;0,090704239
60;31,3;0,08465729
70;31,3;0,07861034
80;31,3;0,072563391
90;31,3;0,066516442
100;31,3;0,060469493
110;31,3;0,054422543
120;31,3;0,048375594
130;31,3;0,042328645
140;31,3;0,036281696
150;31,3;0,030234746
160;31,3;0,024187797
170;31,3;0,018140848
180;31,3;0,012093899
190;31,3;0,006046949
200;31,3;0
0;31,4;0,116746799
10;31,4;0,110909459
20;31,4;0,105072119
30;31,4;0,099234779
40;31,4;0,093397439
50;31,4;0,087560099
60;31,4;0,081722759
70;31,4;0,075885419
80;31,4;0,070048079
90;31,4;0,064210739
100;31,4;0,0583734
110;31,4;0,05253606
120;31,4;0,04669872
130;31,4;0,04086138
140;31,4;0,03502404
150;31,4;0,0291867
160;31,4;0,02334936
170;31,4;0,01751202
180;31,4;0,01167468
190;31,4;0,00583734
200;31,4;0
0;31,5;0,112273642
10;31,5;0,10665996
20;31,5;0,101046278
30;31,5;0,095432596
40;31,5;0,089818914
50;31,5;0,084205231
60;31,5;0,078591549
70;31,5;0,072977867
80;31,5;0,067364185
90;31,5;0,061750503
100;31,5;0,056136821
110;31,5;0,050523139
120;31,5;0,044909457
130;31,5;0,039295775
140;31,5;0,033682093
150;31,5;0,02806841
160;31,5;0,022454728
170;31,5;0,016841046
180;31,5;0,011227364
190;31,5;0,005613682
200;31,5;0
0;31,6;0,107508244
10;31,6;0,102132832
20;31,6;0,09675742
30;31,6;0,091382008
40;31,6;0,086006596
50;31,6;0,080631183
60;31,6;0,075255771
70;31,6;0,069880359
80;31,6;0,064504947
90;31,6;0,059129534
100;31,6;0,053754122
110;31,6;0,04837871
120;31,6;0,043003298
130;31,6;0,037627886
140;31,6;0,032252473
150;31,6;0,026877061
160;31,6;0,021501649
170;31,6;0,016126237
180;31,6;0,010750824
190;31,6;0,005375412
200;31,6;0
0;31,7;0,102438955
10;31,7;0,097317007
20;31,7;0,092195059
30;31,7;0,087073111
40;31,7;0,081951164
50;31,7;0,076829216
60;31,7;0,071707268
70;31,7;0,06658532
80;31,7;0,061463373
90;31,7;0,056341425
100;31,7;0,051219477
110;31,7;0,04609753
120;31,7;0,040975582
130;31,7;0,035853634
140;31,7;0,030731686
150;31,7;0,025609739
160;31,7;0,020487791
170;31,7;0,015365843
180;31,7;0,010243895
190;31,7;0,005121948
200;31,7;0
0;31,8;0,097053725
10;31,8;0,092201039
20;31,8;0,087348353
30;31,8;0,082495666
40;31,8;0,07764298
50;31,8;0,072790294
60;31,8;0,067937608
70;31,8;0,063084921
80;31,8;0,058232235
90;31,8;0,053379549
100;31,8;0,048526863
110;31,8;0,043674176
120;31,8;0,03882149
130;31,8;0,033968804
140;31,8;0,029116118
150;31,8;0,024263431
160;31,8;0,019410745
170;31,8;0,014558059
180;31,8;0,009705373
190;31,8;0,004852686
200;31,8;0
0;31,9;0,091340102
10;31,9;0,086773097
20;31,9;0,082206092
30;31,9;0,077639087
40;31,9;0,073072082
50;31,9;0,068505076
60;31,9;0,063938071
70;31,9;0,059371066
80;31,9;0,054804061
90;31,9;0,050237056
100;31,9;0,045670051
110;31,9;0,041103046
120;31,9;0,036536041
130;31,9;0,031969036
140;31,9;0,027402031
150;31,9;0,022835025
160;31,9;0,01826802
170;31,9;0,013701015
180;31,9;0,00913401
190;31,9;0,004567005
200;31,9;0
0;32;0,085285211
10;32;0,081020951
20;32;0,07675669
30;32;0,07249243
40;32;0,068228169
50;32;0,063963908
60;32;0,059699648
70;32;0,055435387
80;32;0,051171127
90;32;0,046906866
100;32;0,042642606
110;32;0,038378345
120;32;0,034114084
130;32;0,029849824
140;32;0,025585563
150;32;0,021321303
160;32;0,017057042
170;32;0,012792782
180;32;0,008528521
190;32;0,004264261
200;32;0
0;32,1;0,078875746
10;32,1;0,074931959
20;32,1;0,070988171
30;32,1;0,067044384
40;32,1;0,063100597
50;32,1;0,05915681
60;32,1;0,055213022
70;32,1;0,051269235
80;32,1;0,047325448
90;32,1;0,04338166
100;32,1;0,039437873
110;32,1;0,035494086
120;32,1;0,031550298
130;32,1;0,027606511
140;32,1;0,023662724
150;32,1;0,019718937
160;32,1;0,015775149
170;32,1;0,011831362
180;32,1;0,007887575
190;32,1;0,003943787
200;32,1;0
0;32,2;0,072097953
10;32,2;0,068493056
20;32,2;0,064888158
30;32,2;0,06128326
40;32,2;0,057678363
50;32,2;0,054073465
60;32,2;0,050468567
70;32,2;0,04686367
80;32,2;0,043258772
90;32,2;0,039653874
100;32,2;0,036048977
110;32,2;0,032444079
120;32,2;0,028839181
130;32,2;0,025234284
140;32,2;0,021629386
150;32,2;0,018024488
160;32,2;0,014419591
170;32,2;0,010814693
180;32,2;0,007209795
190;32,2;0,003604898
200;32,2;0
0;32,3;0,06493762
10;32,3;0,061690739
20;32,3;0,058443858
30;32,3;0,055196977
40;32,3;0,051950096
50;32,3;0,048703215
60;32,3;0,045456334
70;32,3;0,042209453
80;32,3;0,038962572
90;32,3;0,035715691
100;32,3;0,03246881
110;32,3;0,029221929
120;32,3;0,025975048
130;32,3;0,022728167
140;32,3;0,019481286
150;32,3;0,016234405
160;32,3;0,012987524
170;32,3;0,009740643
180;32,3;0,006493762
190;32,3;0,003246881
200;32,3;0
0;32,4;0,057380059
10;32,4;0,054511056
20;32,4;0,051642053
30;32,4;0,04877305
40;32,4;0,045904047
50;32,4;0,043035044
60;32,4;0,040166041
70;32,4;0,037297038
80;32,4;0,034428036
90;32,4;0,031559033
100;32,4;0,02869003
110;32,4;0,025821027
120;32,4;0,022952024
130;32,4;0,020083021
140;32,4;0,017214018
150;32,4;0,014345015
160;32,4;0,011476012
170;32,4;0,008607009
180;32,4;0,005738006
190;32,4;0,002869003
200;32,4;0
0;32,5;0,049410093
10;32,5;0,046939589
20;32,5;0,044469084
30;32,5;0,041998579
40;32,5;0,039528075
50;32,5;0,03705757
60;32,5;0,034587065
70;32,5;0,032116561
80;32,5;0,029646056
90;32,5;0,027175551
100;32,5;0,024705047
110;32,5;0,022234542
120;32,5;0,019764037
130;32,5;0,017293533
140;32,5;0,014823028
150;32,5;0,012352523
160;32,5;0,009882019
170;32,5;0,007411514
180;32,5;0,004941009
190;32,5;0,002470505
200;32,5;0
0;32,6;0,041012043
10;32,6;0,038961441
20;32,6;0,036910838
30;32,6;0,034860236
40;32,6;0,032809634
50;32,6;0,030759032
60;32,6;0,02870843
70;32,6;0,026657828
80;32,6;0,024607226
90;32,6;0,022556623
100;32,6;0,020506021
110;32,6;0,018455419
120;32,6;0,016404817
130;32,6;0,014354215
140;32,6;0,012303613
150;32,6;0,010253011
160;32,6;0,008202409
170;32,6;0,006151806
180;32,6;0,004101204
190;32,6;0,002050602
200;32,6;0
0;32,7;0,032169707
10;32,7;0,030561221
20;32,7;0,028952736
30;32,7;0,027344251
40;32,7;0,025735765
50;32,7;0,02412728
60;32,7;0,022518795
70;32,7;0,020910309
80;32,7;0,019301824
90;32,7;0,017693339
100;32,7;0,016084853
110;32,7;0,014476368
120;32,7;0,012867883
130;32,7;0,011259397
140;32,7;0,009650912
150;32,7;0,008042427
160;32,7;0,006433941
170;32,7;0,004825456
180;32,7;0,003216971
190;32,7;0,001608485
200;32,7;0
0;32,8;0,022866349
10;32,8;0,021723032
20;32,8;0,020579714
30;32,8;0,019436397
40;32,8;0,01829308
50;32,8;0,017149762
60;32,8;0,016006445
70;32,8;0,014863127
80;32,8;0,01371981
90;32,8;0,012576492
100;32,8;0,011433175
110;32,8;0,010289857
120;32,8;0,00914654
130;32,8;0,008003222
140;32,8;0,006859905
150;32,8;0,005716587
160;32,8;0,00457327
170;32,8;0,003429952
180;32,8;0,002286635
190;32,8;0,001143317
200;32,8;0
0;32,9;0,013084683
10;32,9;0,012430449
20;32,9;0,011776215
30;32,9;0,011121981
40;32,9;0,010467747
50;32,9;0,009813512
60;32,9;0,009159278
70;32,9;0,008505044
80;32,9;0,00785081
90;32,9;0,007196576
100;32,9;0,006542342
110;32,9;0,005888107
120;32,9;0,005233873
130;32,9;0,004579639
140;32,9;0,003925405
150;32,9;0,003271171
160;32,9;0,002616937
170;32,9;0,001962702
180;32,9;0,001308468
190;32,9;0,000654234
200;32,9;0
0;33;0,002806851
10;33;0,002666509
20;33;0,002526166
30;33;0,002385823
40;33;0,002245481
50;33;0,002105138
60;33;0,001964796
70;33;0,001824453
80;33;0,001684111
90;33;0,001543768
100;33;0,001403426
110;33;0,001263083
120;33;0,00112274
130;33;0,000982398
140;33;0,000842055
150;33;0,000701713
160;33;0,00056137
170;33;0,000421028
180;33;0,000280685
190;33;0,000140343
200;33;0
