"PU";"ZONE_SURVIE";"ZONE_CROISSANCE";"AREA";"CAPTURES_KG";"CAPTURES_PER";"Gridcode";"Type_dens";"Dmean";"Dsd";"Freq_0cm_2005";"Freq_1cm_2005";"Freq_2cm_2005";"Freq_3cm_2005";"Freq_4cm_2005";"Freq_5cm_2005";"Freq_6cm_2005";"Freq_7cm_2005";"Freq_8cm_2005";"Freq_9cm_2005";"Freq_10cm_2005";"Freq_11cm_2005";"Freq_12cm_2005";"Freq_13cm_2005";"Freq_14cm_2005";"Freq_15cm_2005";"Freq_16cm_2005";"Freq_17cm_2005";"Freq_18cm_2005";"Freq_19cm_2005";"Freq_20cm_2005"
86;"B3_C";"P";"1624,791383";"0";"0";107;"D1";1,944444444;1,481609302;0;0,019480519;0,045454545;0,012987013;0,045454545;0,019480519;0,025974026;0,025974026;0,045454545;0,071428571;0,116883117;0,103896104;0,11038961;0,116883117;0,071428571;0,084415584;0,038961039;0,032467532;0,012987013;0;0
78;"B1_C";"P";"1471,032979";"0,65172265994743";"0,0331493206744608";107;"D1";1,944444444;1,481609302;0;0,019480519;0,045454545;0,012987013;0,045454545;0,019480519;0,025974026;0,025974026;0,045454545;0,071428571;0,116883117;0,103896104;0,11038961;0,116883117;0,071428571;0,084415584;0,038961039;0,032467532;0,012987013;0;0
38;"B1_C";"P";"575,0053265";"0,294431590099725";"0,0149760132595274";107;"D1";1,944444444;1,481609302;0;0,019480519;0,045454545;0,012987013;0,045454545;0,019480519;0,025974026;0,025974026;0,045454545;0,071428571;0,116883117;0,103896104;0,11038961;0,116883117;0,071428571;0,084415584;0,038961039;0,032467532;0,012987013;0;0
268;"B3_F";"P";"438029,7726";"0";"0";107;"D1";1,944444444;1,481609302;0;0,019480519;0,045454545;0,012987013;0,045454545;0,019480519;0,025974026;0,025974026;0,045454545;0,071428571;0,116883117;0,103896104;0,11038961;0,116883117;0,071428571;0,084415584;0,038961039;0,032467532;0,012987013;0;0
148;"B3_F";"P";"5280,440726";"23,8699895808799";"1,2141267869625";107;"D1";1,944444444;1,481609302;0;0,019480519;0,045454545;0,012987013;0,045454545;0,019480519;0,025974026;0,025974026;0,045454545;0,071428571;0,116883117;0,103896104;0,11038961;0,116883117;0,071428571;0,084415584;0,038961039;0,032467532;0,012987013;0;0
147;"B3_C";"P";"5279,310965";"0";"0";107;"D1";1,944444444;1,481609302;0;0,019480519;0,045454545;0,012987013;0,045454545;0,019480519;0,025974026;0,025974026;0,045454545;0,071428571;0,116883117;0,103896104;0,11038961;0,116883117;0,071428571;0,084415584;0,038961039;0,032467532;0,012987013;0;0
192;"B1_F";"P";"14429,44482";"2,37622220744546";"0,120864528409582";107;"D1";1,944444444;1,481609302;0;0,019480519;0,045454545;0,012987013;0,045454545;0,019480519;0,025974026;0,025974026;0,045454545;0,071428571;0,116883117;0,103896104;0,11038961;0,116883117;0,071428571;0,084415584;0,038961039;0,032467532;0,012987013;0;0
206;"B3_F";"P";"19441,24212";"17,4768280958928";"0,888944047104191";107;"D1";1,944444444;1,481609302;0;0,019480519;0,045454545;0,012987013;0,045454545;0,019480519;0,025974026;0,025974026;0,045454545;0,071428571;0,116883117;0,103896104;0,11038961;0,116883117;0,071428571;0,084415584;0,038961039;0,032467532;0,012987013;0;0
32;"B1_C";"P";"508,3363047";"0";"0";107;"D1";1,944444444;1,481609302;0;0,019480519;0,045454545;0,012987013;0,045454545;0,019480519;0,025974026;0,025974026;0,045454545;0,071428571;0,116883117;0,103896104;0,11038961;0,116883117;0,071428571;0,084415584;0,038961039;0,032467532;0,012987013;0;0
84;"B3_C";"P";"1604,453388";"0,446613596764658";"0,0227166220335506";107;"D1";1,944444444;1,481609302;0;0,019480519;0,045454545;0,012987013;0,045454545;0,019480519;0,025974026;0,025974026;0,045454545;0,071428571;0,116883117;0,103896104;0,11038961;0,116883117;0,071428571;0,084415584;0,038961039;0,032467532;0,012987013;0;0
89;"B3_F";"P";"1707,23102";"1,7012697226129";"0,0865336423827814";107;"D1";1,944444444;1,481609302;0;0,019480519;0,045454545;0,012987013;0,045454545;0,019480519;0,025974026;0,025974026;0,045454545;0,071428571;0,116883117;0,103896104;0,11038961;0,116883117;0,071428571;0,084415584;0,038961039;0,032467532;0,012987013;0;0
160;"B3_F";"P";"6977,877486";"2,62305796070763";"0,133419619772325";107;"D1";1,944444444;1,481609302;0;0,019480519;0,045454545;0,012987013;0,045454545;0,019480519;0,025974026;0,025974026;0,045454545;0,071428571;0,116883117;0,103896104;0,11038961;0,116883117;0,071428571;0,084415584;0,038961039;0,032467532;0,012987013;0;0
93;"B1_C";"P";"1923,267406";"3,27147857396184";"0,16640098464067";107;"D1";1,944444444;1,481609302;0;0,019480519;0,045454545;0,012987013;0,045454545;0,019480519;0,025974026;0,025974026;0,045454545;0,071428571;0,116883117;0,103896104;0,11038961;0,116883117;0,071428571;0,084415584;0,038961039;0,032467532;0,012987013;0;0
168;"B3_F";"P";"8357,534748";"6,2710161840394";"0,31896992266039";107;"D1";1,944444444;1,481609302;0;0,019480519;0,045454545;0,012987013;0,045454545;0,019480519;0,025974026;0,025974026;0,045454545;0,071428571;0,116883117;0,103896104;0,11038961;0,116883117;0,071428571;0,084415584;0,038961039;0,032467532;0,012987013;0;0
253;"B3_F";"P";"69314,36679";"1,89327595865319";"0,0962998768275207";107;"D1";1,944444444;1,481609302;0;0,019480519;0,045454545;0,012987013;0,045454545;0,019480519;0,025974026;0,025974026;0,045454545;0,071428571;0,116883117;0,103896104;0,11038961;0,116883117;0,071428571;0,084415584;0,038961039;0,032467532;0,012987013;0;0
245;"B3_F";"P";"54452,48975";"0,90819002588467";"0,0461943158518169";107;"D1";1,944444444;1,481609302;0;0,019480519;0,045454545;0,012987013;0,045454545;0,019480519;0,025974026;0,025974026;0,045454545;0,071428571;0,116883117;0,103896104;0,11038961;0,116883117;0,071428571;0,084415584;0,038961039;0,032467532;0,012987013;0;0
218;"B2";"P";"27993,73227";"9,29260520778317";"0,472660487144665";107;"D1";1,944444444;1,481609302;0;0,019480519;0,045454545;0,012987013;0,045454545;0,019480519;0,025974026;0,025974026;0,045454545;0,071428571;0,116883117;0,103896104;0,11038961;0,116883117;0,071428571;0,084415584;0,038961039;0,032467532;0,012987013;0;0
226;"B3_F";"P";"32830,89916";"24,0868567620446";"1,22515755230795";107;"D1";1,944444444;1,481609302;0;0,019480519;0,045454545;0,012987013;0,045454545;0,019480519;0,025974026;0,025974026;0,045454545;0,071428571;0,116883117;0,103896104;0,11038961;0,116883117;0,071428571;0,084415584;0,038961039;0,032467532;0,012987013;0;0
190;"B3_F";"P";"13750,46161";"0,146246610995681";"0,00743870990436334";107;"D1";1,944444444;1,481609302;0;0,019480519;0,045454545;0,012987013;0,045454545;0,019480519;0,025974026;0,025974026;0,045454545;0,071428571;0,116883117;0,103896104;0,11038961;0,116883117;0,071428571;0,084415584;0,038961039;0,032467532;0,012987013;0;0
25;"B3_F";"P";"410,7398474";"1,7161594443208";"0,0872909954563854";107;"D1";1,944444444;1,481609302;0;0,019480519;0,045454545;0,012987013;0,045454545;0,019480519;0,025974026;0,025974026;0,045454545;0,071428571;0,116883117;0,103896104;0,11038961;0,116883117;0,071428571;0,084415584;0,038961039;0,032467532;0,012987013;0;0
230;"B3_F";"P";"35247,43417";"25,4848988354799";"1,29626777734207";107;"D1";1,944444444;1,481609302;0;0,019480519;0,045454545;0,012987013;0,045454545;0,019480519;0,025974026;0,025974026;0,045454545;0,071428571;0,116883117;0,103896104;0,11038961;0,116883117;0,071428571;0,084415584;0,038961039;0,032467532;0,012987013;0;0
189;"B3_F";"P";"13445,61613";"62,1575356119493";"3,1615903619201";107;"D1";1,944444444;1,481609302;0;0,019480519;0,045454545;0,012987013;0,045454545;0,019480519;0,025974026;0,025974026;0,045454545;0,071428571;0,116883117;0,103896104;0,11038961;0,116883117;0,071428571;0,084415584;0,038961039;0,032467532;0,012987013;0;0
252;"B1_C";"P";"65303,06459";"10,754023749959";"0,546994302541077";107;"D1";1,944444444;1,481609302;0;0,019480519;0,045454545;0,012987013;0,045454545;0,019480519;0,025974026;0,025974026;0,045454545;0,071428571;0,116883117;0,103896104;0,11038961;0,116883117;0,071428571;0,084415584;0,038961039;0,032467532;0,012987013;0;0
229;"B2";"P";"34464,45573";"9,59348189809278";"0,487964324963267";107;"D1";1,944444444;1,481609302;0;0,019480519;0,045454545;0,012987013;0,045454545;0,019480519;0,025974026;0,025974026;0,045454545;0,071428571;0,116883117;0,103896104;0,11038961;0,116883117;0,071428571;0,084415584;0,038961039;0,032467532;0,012987013;0;0
184;"B3_F";"P";"12353,11927";"16,5979736045621";"0,8442418583516";107;"D1";1,944444444;1,481609302;0;0,019480519;0,045454545;0,012987013;0,045454545;0,019480519;0,025974026;0,025974026;0,045454545;0,071428571;0,116883117;0,103896104;0,11038961;0,116883117;0,071428571;0,084415584;0,038961039;0,032467532;0,012987013;0;0
26;"B2";"P";"417,915118";"0,185152036849885";"0,00941760141278731";107;"D1";1,944444444;1,481609302;0;0,019480519;0,045454545;0,012987013;0,045454545;0,019480519;0,025974026;0,025974026;0,045454545;0,071428571;0,116883117;0,103896104;0,11038961;0,116883117;0,071428571;0,084415584;0,038961039;0,032467532;0,012987013;0;0
94;"B1_C";"P";"1929,448452";"1,37577946246117";"0,0699778561975144";107;"D1";1,944444444;1,481609302;0;0,019480519;0,045454545;0,012987013;0,045454545;0,019480519;0,025974026;0,025974026;0,045454545;0,071428571;0,116883117;0,103896104;0,11038961;0,116883117;0,071428571;0,084415584;0,038961039;0,032467532;0,012987013;0;0
198;"B3_F";"P";"17103,68497";"66,7019153833671";"3,39273638701214";107;"D1";1,944444444;1,481609302;0;0,019480519;0,045454545;0,012987013;0,045454545;0,019480519;0,025974026;0,025974026;0,045454545;0,071428571;0,116883117;0,103896104;0,11038961;0,116883117;0,071428571;0,084415584;0,038961039;0,032467532;0,012987013;0;0
269;"B2";"P";"470039,2502";"0";"0";107;"D1";1,944444444;1,481609302;0;0,019480519;0,045454545;0,012987013;0,045454545;0,019480519;0,025974026;0,025974026;0,045454545;0,071428571;0,116883117;0,103896104;0,11038961;0,116883117;0,071428571;0,084415584;0,038961039;0,032467532;0,012987013;0;0
193;"B3_F";"P";"14439,34904";"8,96102577441791";"0,455794980325295";107;"D1";1,944444444;1,481609302;0;0,019480519;0,045454545;0,012987013;0,045454545;0,019480519;0,025974026;0,025974026;0,045454545;0,071428571;0,116883117;0,103896104;0,11038961;0,116883117;0,071428571;0,084415584;0,038961039;0,032467532;0,012987013;0;0
258;"B3_F";"P";"76739,68302";"21,3611601960368";"1,08651730687724";107;"D1";1,944444444;1,481609302;0;0,019480519;0,045454545;0,012987013;0,045454545;0,019480519;0,025974026;0,025974026;0,045454545;0,071428571;0,116883117;0,103896104;0,11038961;0,116883117;0,071428571;0,084415584;0,038961039;0,032467532;0,012987013;0;0
118;"B1_F";"P";"2720,783616";"1,20540896137238";"0,061312105071849";107;"D1";1,944444444;1,481609302;0;0,019480519;0,045454545;0,012987013;0,045454545;0,019480519;0,025974026;0,025974026;0,045454545;0,071428571;0,116883117;0,103896104;0,11038961;0,116883117;0,071428571;0,084415584;0,038961039;0,032467532;0,012987013;0;0
141;"B3_F";"P";"4654,657725";"0,0776330658003022";"0,00394874008732997";108;"D10";1,033333333;0,486448239;0;0,009615385;0,009615385;0,028846154;0,105769231;0,105769231;0,057692308;0,028846154;0,019230769;0,048076923;0,009615385;0,019230769;0,019230769;0,105769231;0,096153846;0,105769231;0,134615385;0,028846154;0,048076923;0,019230769;0
204;"B3_F";"P";"19193,92326";"0,524269284180129";"0,0266665127501612";108;"D10";1,033333333;0,486448239;0;0,009615385;0,009615385;0,028846154;0,105769231;0,105769231;0,057692308;0,028846154;0,019230769;0,048076923;0,009615385;0,019230769;0,019230769;0,105769231;0,096153846;0,105769231;0,134615385;0,028846154;0,048076923;0,019230769;0
251;"B3_F";"P";"63476,39594";"0";"0";109;"D11";3,7375;1,041274019;0;0,019480519;0,045454545;0,012987013;0,045454545;0,019480519;0,025974026;0,025974026;0,045454545;0,071428571;0,116883117;0,103896104;0,11038961;0,116883117;0,071428571;0,084415584;0,038961039;0,032467532;0,012987013;0;0
41;"B3_F";"P";"609,9413144";"0,819533076259461";"0,0416848552579768";109;"D11";3,7375;1,041274019;0;0,019480519;0,045454545;0,012987013;0,045454545;0,019480519;0,025974026;0,025974026;0,045454545;0,071428571;0,116883117;0,103896104;0,11038961;0,116883117;0,071428571;0,084415584;0,038961039;0,032467532;0,012987013;0;0
158;"B3_F";"P";"6889,878521";"5,05485750586475";"0,257111042355244";109;"D11";3,7375;1,041274019;0;0,019480519;0,045454545;0,012987013;0,045454545;0,019480519;0,025974026;0,025974026;0,045454545;0,071428571;0,116883117;0,103896104;0,11038961;0,116883117;0,071428571;0,084415584;0,038961039;0,032467532;0,012987013;0;0
223;"B3_F";"P";"31121,92391";"0,519069394460584";"0,0264020247671917";109;"D11";3,7375;1,041274019;0;0,019480519;0,045454545;0,012987013;0,045454545;0,019480519;0,025974026;0,025974026;0,045454545;0,071428571;0,116883117;0,103896104;0,11038961;0,116883117;0,071428571;0,084415584;0,038961039;0,032467532;0,012987013;0;0
95;"B3_F";"P";"1940,039182";"0,729281250729862";"0,0370942726531346";109;"D11";3,7375;1,041274019;0;0,019480519;0,045454545;0,012987013;0,045454545;0,019480519;0,025974026;0,025974026;0,045454545;0,071428571;0,116883117;0,103896104;0,11038961;0,116883117;0,071428571;0,084415584;0,038961039;0,032467532;0,012987013;0;0
254;"B2";"P";"69702,73415";"0";"0";109;"D11";3,7375;1,041274019;0;0,019480519;0,045454545;0,012987013;0,045454545;0,019480519;0,025974026;0,025974026;0,045454545;0,071428571;0,116883117;0,103896104;0,11038961;0,116883117;0,071428571;0,084415584;0,038961039;0,032467532;0,012987013;0;0
120;"B3_F";"P";"2751,965519";"0,0292692450730548";"0,00148875534096718";109;"D11";3,7375;1,041274019;0;0,019480519;0,045454545;0,012987013;0,045454545;0,019480519;0,025974026;0,025974026;0,045454545;0,071428571;0,116883117;0,103896104;0,11038961;0,116883117;0,071428571;0,084415584;0,038961039;0,032467532;0,012987013;0;0
177;"B3_F";"P";"10533,12863";"7,90345743080586";"0,402002662960755";109;"D11";3,7375;1,041274019;0;0,019480519;0,045454545;0,012987013;0,045454545;0,019480519;0,025974026;0,025974026;0,045454545;0,071428571;0,116883117;0,103896104;0,11038961;0,116883117;0,071428571;0,084415584;0,038961039;0,032467532;0,012987013;0;0
8;"B3_F";"P";"230,474472";"0,898817345872234";"0,0457175824276078";109;"D11";3,7375;1,041274019;0;0,019480519;0,045454545;0,012987013;0,045454545;0,019480519;0,025974026;0,025974026;0,045454545;0,071428571;0,116883117;0,103896104;0,11038961;0,116883117;0,071428571;0,084415584;0,038961039;0,032467532;0,012987013;0;0
57;"B3_F";"P";"886,6519081";"0,246807293198092";"0,0125536437657073";109;"D11";3,7375;1,041274019;0;0,019480519;0,045454545;0,012987013;0,045454545;0,019480519;0,025974026;0,025974026;0,045454545;0,071428571;0,116883117;0,103896104;0,11038961;0,116883117;0,071428571;0,084415584;0,038961039;0,032467532;0,012987013;0;0
151;"B3_F";"P";"5745,1323";"4,15389428790153";"0,211284311962647";109;"D11";3,7375;1,041274019;0;0,019480519;0,045454545;0,012987013;0,045454545;0,019480519;0,025974026;0,025974026;0,045454545;0,071428571;0,116883117;0,103896104;0,11038961;0,116883117;0,071428571;0,084415584;0,038961039;0,032467532;0,012987013;0;0
256;"B3_F";"P";"70522,04702";"1,92626294318595";"0,097977731834815";109;"D11";3,7375;1,041274019;0;0,019480519;0,045454545;0,012987013;0,045454545;0,019480519;0,025974026;0,025974026;0,045454545;0,071428571;0,116883117;0,103896104;0,11038961;0,116883117;0,071428571;0,084415584;0,038961039;0,032467532;0,012987013;0;0
100;"B3_F";"P";"2112,760934";"1,31117442568292";"0,066691775763361";109;"D11";3,7375;1,041274019;0;0,019480519;0,045454545;0,012987013;0,045454545;0,019480519;0,025974026;0,025974026;0,045454545;0,071428571;0,116883117;0,103896104;0,11038961;0,116883117;0,071428571;0,084415584;0,038961039;0,032467532;0,012987013;0;0
30;"B3_F";"P";"485,532767";"2,24456209100258";"0,114167748186605";109;"D11";3,7375;1,041274019;0;0,019480519;0,045454545;0,012987013;0,045454545;0,019480519;0,025974026;0,025974026;0,045454545;0,071428571;0,116883117;0,103896104;0,11038961;0,116883117;0,071428571;0,084415584;0,038961039;0,032467532;0,012987013;0;0
249;"B3_F";"S";"61070,61588";"0";"0";106;"D12";3,69;1,327874887;0;0,048780488;0,048780488;0,029810298;0,035230352;0,013550136;0,010840108;0,037940379;0,046070461;0,078590786;0,105691057;0,100271003;0,113821138;0,12195122;0,086720867;0,054200542;0,032520325;0,029810298;0,002710027;0;0,002710027
12;"B3_F";"S";"276,7320668";"0,077030784825558";"0,00391810557606481";106;"D12";3,69;1,327874887;0;0,048780488;0,048780488;0,029810298;0,035230352;0,013550136;0,010840108;0,037940379;0,046070461;0,078590786;0,105691057;0,100271003;0,113821138;0,12195122;0,086720867;0,054200542;0,032520325;0,029810298;0,002710027;0;0,002710027
67;"B3_F";"S";"1132,10957";"0,0120408457973418";"0,000612447415224159";106;"D12";3,69;1,327874887;0;0,048780488;0,048780488;0,029810298;0,035230352;0,013550136;0,010840108;0,037940379;0,046070461;0,078590786;0,105691057;0,100271003;0,113821138;0,12195122;0,086720867;0,054200542;0,032520325;0,029810298;0,002710027;0;0,002710027
131;"B2";"S";"3681,888185";"1,02488569470873";"0,0521299421310708";106;"D12";3,69;1,327874887;0;0,048780488;0,048780488;0,029810298;0,035230352;0,013550136;0,010840108;0,037940379;0,046070461;0,078590786;0,105691057;0,100271003;0,113821138;0,12195122;0,086720867;0,054200542;0,032520325;0,029810298;0,002710027;0;0,002710027
244;"B3_F";"S";"50580,72207";"1,38157887753027";"0,0702728385292093";106;"D12";3,69;1,327874887;0;0,048780488;0,048780488;0,029810298;0,035230352;0,013550136;0,010840108;0,037940379;0,046070461;0,078590786;0,105691057;0,100271003;0,113821138;0,12195122;0,086720867;0,054200542;0,032520325;0,029810298;0,002710027;0;0,002710027
132;"B2";"S";"3690,903329";"0";"0";106;"D12";3,69;1,327874887;0;0,048780488;0,048780488;0,029810298;0,035230352;0,013550136;0,010840108;0,037940379;0,046070461;0,078590786;0,105691057;0,100271003;0,113821138;0,12195122;0,086720867;0,054200542;0,032520325;0,029810298;0,002710027;0;0,002710027
262;"B2";"S";"99741,28303";"0";"0";106;"D12";3,69;1,327874887;0;0,048780488;0,048780488;0,029810298;0,035230352;0,013550136;0,010840108;0,037940379;0,046070461;0,078590786;0,105691057;0,100271003;0,113821138;0,12195122;0,086720867;0,054200542;0,032520325;0,029810298;0,002710027;0;0,002710027
248;"B2";"S";"60556,78184";"0";"0";14;"D13";4,067307692;1,207306915;0;0,01221374;0,024427481;0,029007634;0,041221374;0,042748092;0,091603053;0,094656489;0,12519084;0,119083969;0,141984733;0,097709924;0,093129771;0,038167939;0,024427481;0,015267176;0,007633588;0;0,001526718;0;0
176;"B3_F";"S";"9552,82351";"0,0267078612880991";"0,00135847272586721";14;"D13";4,067307692;1,207306915;0;0,01221374;0,024427481;0,029007634;0,041221374;0,042748092;0,091603053;0,094656489;0,12519084;0,119083969;0,141984733;0,097709924;0,093129771;0,038167939;0,024427481;0,015267176;0,007633588;0;0,001526718;0;0
205;"B2";"S";"19222,25474";"5,60030636704673";"0,284854836337027";14;"D13";4,067307692;1,207306915;0;0,01221374;0,024427481;0,029007634;0,041221374;0,042748092;0,091603053;0,094656489;0,12519084;0,119083969;0,141984733;0,097709924;0,093129771;0,038167939;0,024427481;0,015267176;0,007633588;0;0,001526718;0;0
207;"B3_F";"S";"20796,85437";"1,61307510293789";"0,0820476978099709";14;"D13";4,067307692;1,207306915;0;0,01221374;0,024427481;0,029007634;0,041221374;0,042748092;0,091603053;0,094656489;0,12519084;0,119083969;0,141984733;0,097709924;0,093129771;0,038167939;0,024427481;0,015267176;0,007633588;0;0,001526718;0;0
260;"B3_F";"S";"91066,10705";"0";"0";14;"D13";4,067307692;1,207306915;0;0,01221374;0,024427481;0,029007634;0,041221374;0,042748092;0,091603053;0,094656489;0,12519084;0,119083969;0,141984733;0,097709924;0,093129771;0,038167939;0,024427481;0,015267176;0,007633588;0;0,001526718;0;0
23;"B1_F";"P";"398,0481082";"0,176350208028304";"0,00896990385052698";110;"D14";8,17;1,998612768;0;0,020807834;0,037943696;0,041615667;0,036719706;0,048959608;0,085679315;0,102815177;0,124847001;0,133414933;0,133414933;0,090575275;0,072215422;0,033047736;0,022031824;0,008567931;0,006119951;0,00122399;0;0;0
181;"B3_F";"P";"11325,30941";"7,02846016431415";"0,357496668680074";110;"D14";8,17;1,998612768;0;0,020807834;0,037943696;0,041615667;0,036719706;0,048959608;0,085679315;0,102815177;0,124847001;0,133414933;0,133414933;0,090575275;0,072215422;0,033047736;0,022031824;0,008567931;0,006119951;0,00122399;0;0;0
171;"B2";"P";"8946,166979";"2,49024361918603";"0,126664130869082";110;"D14";8,17;1,998612768;0;0,020807834;0,037943696;0,041615667;0,036719706;0,048959608;0,085679315;0,102815177;0,124847001;0,133414933;0,133414933;0,090575275;0,072215422;0,033047736;0,022031824;0,008567931;0,006119951;0,00122399;0;0;0
110;"B3_F";"P";"2484,888534";"3,33876111742675";"0,169823254182888";110;"D14";8,17;1,998612768;0;0,020807834;0,037943696;0,041615667;0,036719706;0,048959608;0,085679315;0,102815177;0,124847001;0,133414933;0,133414933;0,090575275;0,072215422;0,033047736;0,022031824;0,008567931;0,006119951;0,00122399;0;0;0
247;"B2";"P";"58831,53712";"0";"0";110;"D14";8,17;1,998612768;0;0,020807834;0,037943696;0,041615667;0,036719706;0,048959608;0,085679315;0,102815177;0,124847001;0,133414933;0,133414933;0,090575275;0,072215422;0,033047736;0,022031824;0,008567931;0,006119951;0,00122399;0;0;0
21;"B3_C";"P";"385,0730669";"0,107188447300288";"0,00545204951511339";110;"D14";8,17;1,998612768;0;0,020807834;0,037943696;0,041615667;0,036719706;0,048959608;0,085679315;0,102815177;0,124847001;0,133414933;0,133414933;0,090575275;0,072215422;0,033047736;0,022031824;0,008567931;0,006119951;0,00122399;0;0;0
137;"B3_F";"P";"4200,843845";"1,16934152970365";"0,0594775657320824";110;"D14";8,17;1,998612768;0;0,020807834;0,037943696;0,041615667;0,036719706;0,048959608;0,085679315;0,102815177;0,124847001;0,133414933;0,133414933;0,090575275;0,072215422;0,033047736;0,022031824;0,008567931;0,006119951;0,00122399;0;0;0
61;"B2";"P";"944,5674009";"0,418478707005371";"0,0212855647140975";110;"D14";8,17;1,998612768;0;0,020807834;0,037943696;0,041615667;0,036719706;0,048959608;0,085679315;0,102815177;0,124847001;0,133414933;0,133414933;0,090575275;0,072215422;0,033047736;0,022031824;0,008567931;0,006119951;0,00122399;0;0;0
91;"B3_F";"P";"1844,573225";"1,83813235705788";"0,0934950442740922";110;"D14";8,17;1,998612768;0;0,020807834;0,037943696;0,041615667;0,036719706;0,048959608;0,085679315;0,102815177;0,124847001;0,133414933;0,133414933;0,090575275;0,072215422;0,033047736;0,022031824;0,008567931;0,006119951;0,00122399;0;0;0
159;"B2";"P";"6954,416399";"2,02613392472469";"0,103057584656517";110;"D14";8,17;1,998612768;0;0,020807834;0,037943696;0,041615667;0,036719706;0,048959608;0,085679315;0,102815177;0,124847001;0,133414933;0,133414933;0,090575275;0,072215422;0,033047736;0,022031824;0,008567931;0,006119951;0,00122399;0;0;0
214;"B2";"P";"27375,71771";"9,08745338081881";"0,462225613360252";110;"D14";8,17;1,998612768;0;0,020807834;0,037943696;0,041615667;0,036719706;0,048959608;0,085679315;0,102815177;0,124847001;0,133414933;0,133414933;0,090575275;0,072215422;0,033047736;0,022031824;0,008567931;0,006119951;0,00122399;0;0;0
111;"B3_F";"S";"2518,70059";"0";"0";29;"D15";4,475;2,740775926;0;0,014798993;0,032801892;0,040048821;0,05034709;0,053932413;0,076588603;0,100083912;0,109543062;0,117323976;0,129758181;0,089327943;0,070485926;0,048211153;0,027767183;0,017468914;0,008467465;0,008467465;0,003356473;0,000762835;0,000457701
112;"B3_F";"S";"2556,274913";"0,225461345638897";"0,0114679002367082";29;"D15";4,475;2,740775926;0;0,014798993;0,032801892;0,040048821;0,05034709;0,053932413;0,076588603;0,100083912;0,109543062;0,117323976;0,129758181;0,089327943;0,070485926;0,048211153;0,027767183;0,017468914;0,008467465;0,008467465;0,003356473;0,000762835;0,000457701
161;"B3_F";"S";"7019,113192";"0,0746536040490847";"0,00379719229085414";29;"D15";4,475;2,740775926;0;0,014798993;0,032801892;0,040048821;0,05034709;0,053932413;0,076588603;0,100083912;0,109543062;0,117323976;0,129758181;0,089327943;0,070485926;0,048211153;0,027767183;0,017468914;0,008467465;0,008467465;0,003356473;0,000762835;0,000457701
138;"B2";"S";"4453,143642";"2,50466331861969";"0,127397576658115";100;"D16";3,828571429;1,252053575;0;0,010526316;0,031578947;0,047368421;0,063157895;0,073684211;0,078947368;0,068421053;0,121052632;0,105263158;0,178947368;0,089473684;0,1;0,026315789;0;0;0,005263158;0;0;0;0
129;"B2";"S";"3587,171009";"1,23127884120831";"0,0626279545814552";100;"D16";3,828571429;1,252053575;0;0,010526316;0,031578947;0,047368421;0,063157895;0,073684211;0,078947368;0,068421053;0,121052632;0,105263158;0,178947368;0,089473684;0,1;0,026315789;0;0;0,005263158;0;0;0;0
97;"B2";"S";"1979,295542";"0,978142057448694";"0,0497523666434417";100;"D16";3,828571429;1,252053575;0;0,010526316;0,031578947;0,047368421;0,063157895;0,073684211;0,078947368;0,068421053;0,121052632;0,105263158;0,178947368;0,089473684;0,1;0,026315789;0;0;0,005263158;0;0;0;0
71;"B3_F";"S";"1200,156552";"0,593101724388065";"0,0301676164764649";100;"D16";3,828571429;1,252053575;0;0,010526316;0,031578947;0,047368421;0,063157895;0,073684211;0,078947368;0,068421053;0,121052632;0,105263158;0,178947368;0,089473684;0,1;0,026315789;0;0;0,005263158;0;0;0;0
19;"B3_F";"S";"371,8651725";"0";"0";100;"D16";3,828571429;1,252053575;0;0,010526316;0,031578947;0,047368421;0,063157895;0,073684211;0,078947368;0,068421053;0,121052632;0,105263158;0,178947368;0,089473684;0,1;0,026315789;0;0;0,005263158;0;0;0;0
155;"B2";"S";"5965,238297";"2,36724178009016";"0,120407746584291";100;"D16";3,828571429;1,252053575;0;0,010526316;0,031578947;0,047368421;0,063157895;0,073684211;0,078947368;0,068421053;0,121052632;0,105263158;0,178947368;0,089473684;0,1;0,026315789;0;0;0,005263158;0;0;0;0
220;"B2";"S";"29607,42896";"16,2183961115662";"0,824934970914011";100;"D16";3,828571429;1,252053575;0;0,010526316;0,031578947;0,047368421;0,063157895;0,073684211;0,078947368;0,068421053;0,121052632;0,105263158;0,178947368;0,089473684;0,1;0,026315789;0;0;0,005263158;0;0;0;0
102;"B3_F";"S";"2157,502854";"0,325657523639165";"0,0165642939007772";100;"D16";3,828571429;1,252053575;0;0,010526316;0,031578947;0,047368421;0,063157895;0,073684211;0,078947368;0,068421053;0,121052632;0,105263158;0,178947368;0,089473684;0,1;0,026315789;0;0;0,005263158;0;0;0;0
33;"B2";"S";"529,8141828";"0,114348863662811";"0,00581625802396447";100;"D16";3,828571429;1,252053575;0;0,010526316;0,031578947;0,047368421;0,063157895;0,073684211;0,078947368;0,068421053;0,121052632;0,105263158;0,178947368;0,089473684;0,1;0,026315789;0;0;0,005263158;0;0;0;0
92;"B3_F";"S";"1896,437316";"0,40930473198414";"0,0208189382508366";100;"D16";3,828571429;1,252053575;0;0,010526316;0,031578947;0,047368421;0,063157895;0,073684211;0,078947368;0,068421053;0,121052632;0,105263158;0,178947368;0,089473684;0,1;0,026315789;0;0;0,005263158;0;0;0;0
231;"B3_F";"S";"35792,09793";"0,380676167182728";"0,0193627705688227";105;"D17";10,90769231;4,093530384;0;0,015568862;0,064670659;0,044311377;0,046706587;0,035928144;0,056287425;0,067065868;0,118562874;0,14011976;0,186826347;0,113772455;0,064670659;0,02994012;0,011976048;0,00239521;0;0,001197605;0;0;0
257;"B3_F";"S";"74402,01247";"0";"0";105;"D17";10,90769231;4,093530384;0;0,015568862;0,064670659;0,044311377;0,046706587;0,035928144;0,056287425;0,067065868;0,118562874;0,14011976;0,186826347;0,113772455;0,064670659;0,02994012;0,011976048;0,00239521;0;0,001197605;0;0;0
169;"B2";"S";"8813,673394";"0";"0";105;"D17";10,90769231;4,093530384;0;0,015568862;0,064670659;0,044311377;0,046706587;0,035928144;0,056287425;0,067065868;0,118562874;0,14011976;0,186826347;0,113772455;0,064670659;0,02994012;0,011976048;0,00239521;0;0,001197605;0;0;0
215;"B2";"S";"27431,44119";"0";"0";105;"D17";10,90769231;4,093530384;0;0,015568862;0,064670659;0,044311377;0,046706587;0,035928144;0,056287425;0,067065868;0,118562874;0,14011976;0,186826347;0,113772455;0,064670659;0,02994012;0,011976048;0,00239521;0;0,001197605;0;0;0
241;"B3_F";"S";"48068,57442";"0,511245826046032";"0,0260040855913259";21;"D18";7,56875;1,647215465;0;0,026188167;0,069350145;0,075654704;0,074684772;0,045101843;0,046071775;0,054801164;0,070805044;0,101842871;0,144519884;0,101357905;0,086323957;0,0528613;0,026673133;0,016973812;0,003879728;0,001939864;0;0,000969932;0
27;"B3_C";"S";"424,598338";"0,00708169593987772";"0,000360204461279541";21;"D18";7,56875;1,647215465;0;0,026188167;0,069350145;0,075654704;0,074684772;0,045101843;0,046071775;0,054801164;0,070805044;0,101842871;0,144519884;0,101357905;0,086323957;0,0528613;0,026673133;0,016973812;0,003879728;0,001939864;0;0,000969932;0
187;"B3_C";"S";"13131,51895";"0";"0";21;"D18";7,56875;1,647215465;0;0,026188167;0,069350145;0,075654704;0,074684772;0,045101843;0,046071775;0,054801164;0,070805044;0,101842871;0,144519884;0,101357905;0,086323957;0,0528613;0,026673133;0,016973812;0,003879728;0,001939864;0;0,000969932;0
63;"B3_F";"S";"1010,108577";"0,0168471733598179";"0,000856917192671934";21;"D18";7,56875;1,647215465;0;0,026188167;0,069350145;0,075654704;0,074684772;0,045101843;0,046071775;0,054801164;0,070805044;0,101842871;0,144519884;0,101357905;0,086323957;0,0528613;0,026673133;0,016973812;0,003879728;0,001939864;0;0,000969932;0
199;"B2";"S";"17451,86707";"0";"0";21;"D18";7,56875;1,647215465;0;0,026188167;0,069350145;0,075654704;0,074684772;0,045101843;0,046071775;0,054801164;0,070805044;0,101842871;0,144519884;0,101357905;0,086323957;0,0528613;0,026673133;0,016973812;0,003879728;0,001939864;0;0,000969932;0
239;"B3_F";"S";"46457,649";"0";"0";21;"D18";7,56875;1,647215465;0;0,026188167;0,069350145;0,075654704;0,074684772;0,045101843;0,046071775;0,054801164;0,070805044;0,101842871;0,144519884;0,101357905;0,086323957;0,0528613;0,026673133;0,016973812;0,003879728;0,001939864;0;0,000969932;0
195;"B3_C";"S";"14960,33636";"0";"0";21;"D18";7,56875;1,647215465;0;0,026188167;0,069350145;0,075654704;0,074684772;0,045101843;0,046071775;0,054801164;0,070805044;0,101842871;0,144519884;0,101357905;0,086323957;0,0528613;0,026673133;0,016973812;0,003879728;0,001939864;0;0,000969932;0
130;"B3_F";"S";"3635,39109";"0,320638505235393";"0,0163090057839714";21;"D18";7,56875;1,647215465;0;0,026188167;0,069350145;0,075654704;0,074684772;0,045101843;0,046071775;0,054801164;0,070805044;0,101842871;0,144519884;0,101357905;0,086323957;0,0528613;0,026673133;0,016973812;0,003879728;0,001939864;0;0,000969932;0
217;"B3_F";"S";"27974,09509";"0,466568090100735";"0,0237315904229378";102;"D19";20,80833333;10,16771259;0;0,028985507;0,09178744;0,309178744;0,289855072;0,062801932;0,028985507;0,024154589;0,033816425;0,043478261;0,038647343;0,033816425;0,014492754;0;0;0;0;0;0;0;0
11;"B1_C";"P";"271,2440034";"0,0790255638483057";"0,00401956832020981";24;"D2";5,166666667;5,234256156;0;0,003225806;0,006451613;0,022580645;0,029032258;0,022580645;0,035483871;0,080645161;0,1;0,1;0,125806452;0,109677419;0,103225806;0,132258065;0,067741935;0,041935484;0,009677419;0,009677419;0;0;0
122;"B1_C";"P";"3026,141511";"5,14746783735231";"0,261821588366483";24;"D2";5,166666667;5,234256156;0;0,003225806;0,006451613;0,022580645;0,029032258;0,022580645;0,035483871;0,080645161;0,1;0,1;0,125806452;0,109677419;0,103225806;0,132258065;0,067741935;0,041935484;0,009677419;0,009677419;0;0;0
219;"B3_F";"P";"29537,27232";"0,806791003906511";"0,0410367405483866";24;"D2";5,166666667;5,234256156;0;0,003225806;0,006451613;0,022580645;0,029032258;0,022580645;0,035483871;0,080645161;0,1;0,1;0,125806452;0,109677419;0,103225806;0,132258065;0,067741935;0,041935484;0,009677419;0,009677419;0;0;0
154;"B2";"P";"5898,990943";"2,6134737448179";"0,132932126755023";24;"D2";5,166666667;5,234256156;0;0,003225806;0,006451613;0,022580645;0,029032258;0,022580645;0,035483871;0,080645161;0,1;0,1;0,125806452;0,109677419;0,103225806;0,132258065;0,067741935;0,041935484;0,009677419;0,009677419;0;0;0
73;"B3_F";"P";"1232,927173";"0,904554580407769";"0,0460094019991697";24;"D2";5,166666667;5,234256156;0;0,003225806;0,006451613;0,022580645;0,029032258;0,022580645;0,035483871;0,080645161;0,1;0,1;0,125806452;0,109677419;0,103225806;0,132258065;0,067741935;0,041935484;0,009677419;0,009677419;0;0;0
142;"B1_C";"P";"4716,030144";"3,36273167066866";"0,171042496055228";24;"D2";5,166666667;5,234256156;0;0,003225806;0,006451613;0,022580645;0,029032258;0,022580645;0,035483871;0,080645161;0,1;0,1;0,125806452;0,109677419;0,103225806;0,132258065;0,067741935;0,041935484;0,009677419;0,009677419;0;0;0
144;"B2";"P";"4805,67293";"0,791391968328377";"0,040253481656486";24;"D2";5,166666667;5,234256156;0;0,003225806;0,006451613;0,022580645;0,029032258;0,022580645;0,035483871;0,080645161;0,1;0,1;0,125806452;0,109677419;0,103225806;0,132258065;0,067741935;0,041935484;0,009677419;0,009677419;0;0;0
36;"B2";"P";"565,154182";"0,187604662508035";"0,00954235213795465";24;"D2";5,166666667;5,234256156;0;0,003225806;0,006451613;0,022580645;0,029032258;0,022580645;0,035483871;0,080645161;0,1;0,1;0,125806452;0,109677419;0,103225806;0,132258065;0,067741935;0,041935484;0,009677419;0,009677419;0;0;0
55;"B1_C";"P";"798,8620423";"0";"0";24;"D2";5,166666667;5,234256156;0;0,003225806;0,006451613;0,022580645;0,029032258;0,022580645;0,035483871;0,080645161;0,1;0,1;0,125806452;0,109677419;0,103225806;0,132258065;0,067741935;0,041935484;0,009677419;0,009677419;0;0;0
201;"B3_F";"P";"17862,67273";"0,297923956893598";"0,015153649536241";24;"D2";5,166666667;5,234256156;0;0,003225806;0,006451613;0,022580645;0,029032258;0,022580645;0,035483871;0,080645161;0,1;0,1;0,125806452;0,109677419;0,103225806;0,132258065;0,067741935;0,041935484;0,009677419;0,009677419;0;0;0
211;"B3_F";"P";"22575,61333";"0";"0";24;"D2";5,166666667;5,234256156;0;0,003225806;0,006451613;0,022580645;0,029032258;0,022580645;0,035483871;0,080645161;0,1;0,1;0,125806452;0,109677419;0,103225806;0,132258065;0,067741935;0,041935484;0,009677419;0,009677419;0;0;0
267;"B2";"P";"327659,7418";"0";"0";24;"D2";5,166666667;5,234256156;0;0,003225806;0,006451613;0,022580645;0,029032258;0,022580645;0,035483871;0,080645161;0,1;0,1;0,125806452;0,109677419;0,103225806;0,132258065;0,067741935;0,041935484;0,009677419;0,009677419;0;0;0
45;"B1_C";"P";"641,1325948";"0,29237160971465";"0,0148712341033547";24;"D2";5,166666667;5,234256156;0;0,003225806;0,006451613;0,022580645;0,029032258;0,022580645;0,035483871;0,080645161;0,1;0,1;0,125806452;0,109677419;0,103225806;0,132258065;0,067741935;0,041935484;0,009677419;0,009677419;0;0;0
98;"B3_F";"P";"1994,877316";"0,555291502929587";"0,0282444316112946";24;"D2";5,166666667;5,234256156;0;0,003225806;0,006451613;0,022580645;0,029032258;0,022580645;0,035483871;0,080645161;0,1;0,1;0,125806452;0,109677419;0,103225806;0,132258065;0,067741935;0,041935484;0,009677419;0,009677419;0;0;0
182;"B1_F";"P";"11425,35415";"5,06185945779493";"0,257467190705064";24;"D2";5,166666667;5,234256156;0;0,003225806;0,006451613;0,022580645;0,029032258;0,022580645;0,035483871;0,080645161;0,1;0,1;0,125806452;0,109677419;0,103225806;0,132258065;0,067741935;0,041935484;0,009677419;0,009677419;0;0;0
224;"B1_C";"P";"31161,69131";"35,9180935066302";"1,82694338073591";24;"D2";5,166666667;5,234256156;0;0,003225806;0,006451613;0,022580645;0,029032258;0,022580645;0,035483871;0,080645161;0,1;0,1;0,125806452;0,109677419;0,103225806;0,132258065;0,067741935;0,041935484;0,009677419;0,009677419;0;0;0
234;"B2";"P";"39755,93798";"11,0664121418531";"0,562883673303034";24;"D2";5,166666667;5,234256156;0;0,003225806;0,006451613;0,022580645;0,029032258;0,022580645;0,035483871;0,080645161;0,1;0,1;0,125806452;0,109677419;0,103225806;0,132258065;0,067741935;0,041935484;0,009677419;0,009677419;0;0;0
68;"B1_C";"P";"1134,249624";"0,502515030288558";"0,0255600010656611";24;"D2";5,166666667;5,234256156;0;0,003225806;0,006451613;0,022580645;0,029032258;0,022580645;0,035483871;0,080645161;0,1;0,1;0,125806452;0,109677419;0,103225806;0,132258065;0,067741935;0,041935484;0,009677419;0,009677419;0;0;0
264;"B1_F";"P";"235809,7706";"38,8328463514884";"1,97519981353938";24;"D2";5,166666667;5,234256156;0;0,003225806;0,006451613;0,022580645;0,029032258;0,022580645;0,035483871;0,080645161;0,1;0,1;0,125806452;0,109677419;0,103225806;0,132258065;0,067741935;0,041935484;0,009677419;0,009677419;0;0;0
271;"B1_C";"P";"586041,7277";"96,5085895695914";"4,90882760427628";24;"D2";5,166666667;5,234256156;0;0,003225806;0,006451613;0,022580645;0,029032258;0,022580645;0,035483871;0,080645161;0,1;0,1;0,125806452;0,109677419;0,103225806;0,132258065;0,067741935;0,041935484;0,009677419;0,009677419;0;0;0
70;"B3_F";"P";"1175,748265";"0,850099483695725";"0,0432395896630267";24;"D2";5,166666667;5,234256156;0;0,003225806;0,006451613;0,022580645;0,029032258;0,022580645;0,035483871;0,080645161;0,1;0,1;0,125806452;0,109677419;0,103225806;0,132258065;0,067741935;0,041935484;0,009677419;0,009677419;0;0;0
261;"B2";"S";"96818,32779";"38,4213302489888";"1,95426839580172";104;"D20";2,386956522;0,988258739;0;0,01552795;0,02484472;0,055900621;0,068322981;0,093167702;0,127329193;0,124223602;0,149068323;0,114906832;0,105590062;0,043478261;0,02484472;0,01863354;0,01552795;0,00310559;0,00931677;0,00310559;0,00310559;0;0
255;"B3_F";"S";"70136,76259";"5,44004701488877";"0,276703380231151";104;"D20";2,386956522;0,988258739;0;0,01552795;0,02484472;0,055900621;0,068322981;0,093167702;0,127329193;0,124223602;0,149068323;0,114906832;0,105590062;0,043478261;0,02484472;0,01863354;0,01552795;0,00310559;0,00931677;0,00310559;0,00310559;0;0
208;"B3_F";"S";"20843,05459";"10,3003658966348";"0,523919380368589";104;"D20";2,386956522;0,988258739;0;0,01552795;0,02484472;0,055900621;0,068322981;0,093167702;0,127329193;0,124223602;0,149068323;0,114906832;0,105590062;0,043478261;0,02484472;0,01863354;0,01552795;0,00310559;0,00931677;0,00310559;0,00310559;0;0
242;"B3_F";"S";"49383,58519";"52,7541254296572";"2,68329387366935";104;"D20";2,386956522;0,988258739;0;0,01552795;0,02484472;0,055900621;0,068322981;0,093167702;0,127329193;0,124223602;0,149068323;0,114906832;0,105590062;0,043478261;0,02484472;0,01863354;0,01552795;0,00310559;0,00931677;0,00310559;0,00310559;0;0
270;"B2";"S";"539873,9619";"295,732864080974";"15,0422014575766";104;"D20";2,386956522;0,988258739;0;0,01552795;0,02484472;0,055900621;0,068322981;0,093167702;0,127329193;0,124223602;0,149068323;0,114906832;0,105590062;0,043478261;0,02484472;0,01863354;0,01552795;0,00310559;0,00931677;0,00310559;0,00310559;0;0
212;"B2";"S";"22879,92352";"11,3069599719846";"0,575118934785609";104;"D20";2,386956522;0,988258739;0;0,01552795;0,02484472;0,055900621;0,068322981;0,093167702;0,127329193;0,124223602;0,149068323;0,114906832;0,105590062;0,043478261;0,02484472;0,01863354;0,01552795;0,00310559;0,00931677;0,00310559;0,00310559;0;0
233;"B3_F";"S";"38747,53336";"0,754584373811759";"0,0383812945608503";104;"D20";2,386956522;0,988258739;0;0,01552795;0,02484472;0,055900621;0,068322981;0,093167702;0,127329193;0,124223602;0,149068323;0,114906832;0,105590062;0,043478261;0,02484472;0,01863354;0,01552795;0,00310559;0,00931677;0,00310559;0,00310559;0;0
246;"B2";"S";"55585,49748";"19,079449168564";"0,970460009525861";104;"D20";2,386956522;0,988258739;0;0,01552795;0,02484472;0,055900621;0,068322981;0,093167702;0,127329193;0,124223602;0,149068323;0,114906832;0,105590062;0,043478261;0,02484472;0,01863354;0,01552795;0,00310559;0,00931677;0,00310559;0,00310559;0;0
243;"B3_F";"S";"49877,04962";"7,52853533220724";"0,382932568213106";104;"D20";2,386956522;0,988258739;0;0,01552795;0,02484472;0,055900621;0,068322981;0,093167702;0,127329193;0,124223602;0,149068323;0,114906832;0,105590062;0,043478261;0,02484472;0,01863354;0,01552795;0,00310559;0,00931677;0,00310559;0,00310559;0;0
238;"B2";"S";"44683,59484";"13,0183385908551";"0,662166757607865";104;"D20";2,386956522;0,988258739;0;0,01552795;0,02484472;0,055900621;0,068322981;0,093167702;0,127329193;0,124223602;0,149068323;0,114906832;0,105590062;0,043478261;0,02484472;0,01863354;0,01552795;0,00310559;0,00931677;0,00310559;0,00310559;0;0
108;"B2";"S";"2434,363615";"1,49967192567975";"0,0762795413233815";104;"D20";2,386956522;0,988258739;0;0,01552795;0,02484472;0,055900621;0,068322981;0,093167702;0,127329193;0,124223602;0,149068323;0,114906832;0,105590062;0,043478261;0,02484472;0,01863354;0,01552795;0,00310559;0,00931677;0,00310559;0,00310559;0;0
237;"B2";"S";"43063,51258";"24,2210018362672";"1,23198072780206";104;"D20";2,386956522;0,988258739;0;0,01552795;0,02484472;0,055900621;0,068322981;0,093167702;0,127329193;0,124223602;0,149068323;0,114906832;0,105590062;0,043478261;0,02484472;0,01863354;0,01552795;0,00310559;0,00931677;0,00310559;0,00310559;0;0
273;"B3_F";"S";"803873,0318";"13,4074580044052";"0,681958986746365";104;"D20";2,386956522;0,988258739;0;0,01552795;0,02484472;0,055900621;0,068322981;0,093167702;0,127329193;0,124223602;0,149068323;0,114906832;0,105590062;0,043478261;0,02484472;0,01863354;0,01552795;0,00310559;0,00931677;0,00310559;0,00310559;0;0
272;"B3_F";"S";"620381,8395";"0";"0";104;"D20";2,386956522;0,988258739;0;0,01552795;0,02484472;0,055900621;0,068322981;0,093167702;0,127329193;0,124223602;0,149068323;0,114906832;0,105590062;0,043478261;0,02484472;0,01863354;0,01552795;0,00310559;0,00931677;0,00310559;0,00310559;0;0
227;"B3_F";"S";"33434,45074";"7,21609872560251";"0,367040745050757";104;"D20";2,386956522;0,988258739;0;0,01552795;0,02484472;0,055900621;0,068322981;0,093167702;0,127329193;0,124223602;0,149068323;0,114906832;0,105590062;0,043478261;0,02484472;0,01863354;0,01552795;0,00310559;0,00931677;0,00310559;0,00310559;0;0
228;"B3_C";"S";"33833,67862";"0";"0";104;"D20";2,386956522;0,988258739;0;0,01552795;0,02484472;0,055900621;0,068322981;0,093167702;0,127329193;0,124223602;0,149068323;0,114906832;0,105590062;0,043478261;0,02484472;0,01863354;0,01552795;0,00310559;0,00931677;0,00310559;0,00310559;0;0
265;"B3_F";"S";"239950,6739";"56,600006652853";"2,87891136217879";104;"D20";2,386956522;0,988258739;0;0,01552795;0,02484472;0,055900621;0,068322981;0,093167702;0,127329193;0,124223602;0,149068323;0,114906832;0,105590062;0,043478261;0,02484472;0,01863354;0,01552795;0,00310559;0,00931677;0,00310559;0,00310559;0;0
240;"B3_F";"S";"47038,79749";"0,131511450746137";"0,00668921846832654";104;"D20";2,386956522;0,988258739;0;0,01552795;0,02484472;0,055900621;0,068322981;0,093167702;0,127329193;0,124223602;0,149068323;0,114906832;0,105590062;0,043478261;0,02484472;0,01863354;0,01552795;0,00310559;0,00931677;0,00310559;0,00310559;0;0
259;"B3_C";"S";"77220,05203";"1,2879205592604";"0,0655089875586001";104;"D20";2,386956522;0,988258739;0;0,01552795;0,02484472;0,055900621;0,068322981;0,093167702;0,127329193;0,124223602;0,149068323;0,114906832;0,105590062;0,043478261;0,02484472;0,01863354;0,01552795;0,00310559;0,00931677;0,00310559;0,00310559;0;0
263;"B2";"S";"127931,7464";"0";"0";104;"D20";2,386956522;0,988258739;0;0,01552795;0,02484472;0,055900621;0,068322981;0,093167702;0,127329193;0,124223602;0,149068323;0,114906832;0,105590062;0,043478261;0,02484472;0,01863354;0,01552795;0,00310559;0,00931677;0,00310559;0,00310559;0;0
52;"B2";"S";"721,0371176";"0,394970654161749";"0,0200898475324849";101;"D21";12,72307692;5,38202864;0;0,012048193;0,016064257;0,060240964;0,048192771;0,0562249;0,156626506;0,172690763;0,156626506;0,128514056;0,108433735;0,040160643;0,036144578;0,008032129;0;0;0;0;0;0;0
119;"B3_F";"S";"2734,527149";"0,212099271547654";"0,0107882496642358";101;"D21";12,72307692;5,38202864;0;0,012048193;0,016064257;0,060240964;0,048192771;0,0562249;0,156626506;0,172690763;0,156626506;0,128514056;0,108433735;0,040160643;0,036144578;0,008032129;0;0;0;0;0;0;0
28;"B2";"S";"443,3666598";"0,175945373633341";"0,0089493122921795";101;"D21";12,72307692;5,38202864;0;0,012048193;0,016064257;0,060240964;0,048192771;0,0562249;0,156626506;0,172690763;0,156626506;0,128514056;0,108433735;0,040160643;0,036144578;0,008032129;0;0;0;0;0;0;0
47;"B2";"S";"669,896072";"0,376781944108197";"0,0191646942130214";101;"D21";12,72307692;5,38202864;0;0,012048193;0,016064257;0,060240964;0,048192771;0,0562249;0,156626506;0,172690763;0,156626506;0,128514056;0,108433735;0,040160643;0,036144578;0,008032129;0;0;0;0;0;0;0
66;"B2";"S";"1054,341996";"0";"0";101;"D21";12,72307692;5,38202864;0;0,012048193;0,016064257;0,060240964;0,048192771;0,0562249;0,156626506;0,172690763;0,156626506;0,128514056;0,108433735;0,040160643;0,036144578;0,008032129;0;0;0;0;0;0;0
163;"B3_F";"S";"7051,524943";"0,0197147105094183";"0,00100277203915786";101;"D21";12,72307692;5,38202864;0;0,012048193;0,016064257;0,060240964;0,048192771;0,0562249;0,156626506;0,172690763;0,156626506;0,128514056;0,108433735;0,040160643;0,036144578;0,008032129;0;0;0;0;0;0;0
99;"B3_F";"S";"2044,12533";"0,482172045599183";"0,0245252723928877";101;"D21";12,72307692;5,38202864;0;0,012048193;0,016064257;0,060240964;0,048192771;0,0562249;0,156626506;0,172690763;0,156626506;0,128514056;0,108433735;0,040160643;0,036144578;0,008032129;0;0;0;0;0;0;0
222;"B3_F";"S";"30450,9946";"0";"0";101;"D21";12,72307692;5,38202864;0;0,012048193;0,016064257;0,060240964;0,048192771;0,0562249;0,156626506;0,172690763;0,156626506;0,128514056;0,108433735;0,040160643;0,036144578;0,008032129;0;0;0;0;0;0;0
65;"B2";"S";"1054,334594";"0,361895174188545";"0,0184074912796244";101;"D21";12,72307692;5,38202864;0;0,012048193;0,016064257;0,060240964;0,048192771;0,0562249;0,156626506;0,172690763;0,156626506;0,128514056;0,108433735;0,040160643;0,036144578;0,008032129;0;0;0;0;0;0;0
3;"B3_F";"S";"92,18980461";"0,00179533972749034";"9,13184334437244e-05";101;"D21";12,72307692;5,38202864;0;0,012048193;0,016064257;0,060240964;0,048192771;0,0562249;0,156626506;0,172690763;0,156626506;0,128514056;0,108433735;0,040160643;0,036144578;0,008032129;0;0;0;0;0;0;0
185;"B3_F";"S";"12770,48318";"0,212993482998708";"0,0108337329717276";101;"D21";12,72307692;5,38202864;0;0,012048193;0,016064257;0,060240964;0,048192771;0,0562249;0,156626506;0,172690763;0,156626506;0,128514056;0,108433735;0,040160643;0,036144578;0,008032129;0;0;0;0;0;0;0
81;"B3_C";"S";"1506,390754";"0";"0";101;"D21";12,72307692;5,38202864;0;0,012048193;0,016064257;0,060240964;0,048192771;0,0562249;0,156626506;0,172690763;0,156626506;0,128514056;0,108433735;0,040160643;0,036144578;0,008032129;0;0;0;0;0;0;0
126;"B3_C";"S";"3413,176664";"0,0569269287237158";"0,00289553997620222";101;"D21";12,72307692;5,38202864;0;0,012048193;0,016064257;0,060240964;0,048192771;0,0562249;0,156626506;0,172690763;0,156626506;0,128514056;0,108433735;0,040160643;0,036144578;0,008032129;0;0;0;0;0;0;0
16;"B3_F";"S";"319,8821453";"0,0482836104256582";"0,00245590491736161";101;"D21";12,72307692;5,38202864;0;0,012048193;0,016064257;0,060240964;0,048192771;0,0562249;0,156626506;0,172690763;0,156626506;0,128514056;0,108433735;0,040160643;0,036144578;0,008032129;0;0;0;0;0;0;0
221;"B1_C";"S";"29964,62125";"50,9698319071168";"2,59253729607725";20;"D3";8,890909091;2,558761893;0;0,005464481;0,007513661;0,006147541;0,015710383;0,031420765;0,068306011;0,12636612;0,144808743;0,165300546;0,172814208;0,105874317;0,076502732;0,049863388;0,018442623;0,004781421;0;0,00068306;0;0;0
48;"B1_C";"S";"670,007194";"0,305539109100019";"0,0155409877983414";20;"D3";8,890909091;2,558761893;0;0,005464481;0,007513661;0,006147541;0,015710383;0,031420765;0,068306011;0,12636612;0,144808743;0,165300546;0,172814208;0,105874317;0,076502732;0,049863388;0,018442623;0,004781421;0;0,00068306;0;0;0
51;"B1_C";"S";"718,5545424";"0,577283213547723";"0,0293630213309145";20;"D3";8,890909091;2,558761893;0;0,005464481;0,007513661;0,006147541;0,015710383;0,031420765;0,068306011;0,12636612;0,144808743;0,165300546;0,172814208;0,105874317;0,076502732;0,049863388;0,018442623;0,004781421;0;0,00068306;0;0;0
179;"B1_C";"S";"11241,96863";"12,9579000200597";"0,659092600934284";20;"D3";8,890909091;2,558761893;0;0,005464481;0,007513661;0,006147541;0,015710383;0,031420765;0,068306011;0,12636612;0,144808743;0,165300546;0,172814208;0,105874317;0,076502732;0,049863388;0,018442623;0,004781421;0;0,00068306;0;0;0
194;"B1_C";"S";"14521,43597";"10,3544063860645";"0,526668104056751";20;"D3";8,890909091;2,558761893;0;0,005464481;0,007513661;0,006147541;0,015710383;0,031420765;0,068306011;0,12636612;0,144808743;0,165300546;0,172814208;0,105874317;0,076502732;0,049863388;0,018442623;0,004781421;0;0,00068306;0;0;0
232;"B1_F";"S";"35843,62422";"5,90268142186873";"0,300234887196484";20;"D3";8,890909091;2,558761893;0;0,005464481;0,007513661;0,006147541;0,015710383;0,031420765;0,068306011;0,12636612;0,144808743;0,165300546;0,172814208;0,105874317;0,076502732;0,049863388;0,018442623;0,004781421;0;0,00068306;0;0;0
50;"B1_C";"S";"702,888025";"0";"0";20;"D3";8,890909091;2,558761893;0;0,005464481;0,007513661;0,006147541;0,015710383;0,031420765;0,068306011;0,12636612;0,144808743;0,165300546;0,172814208;0,105874317;0,076502732;0,049863388;0,018442623;0,004781421;0;0,00068306;0;0;0
101;"B1_C";"S";"2130,847785";"2,25958160471568";"0,114931703020538";20;"D3";8,890909091;2,558761893;0;0,005464481;0,007513661;0,006147541;0,015710383;0,031420765;0,068306011;0,12636612;0,144808743;0,165300546;0,172814208;0,105874317;0,076502732;0,049863388;0,018442623;0,004781421;0;0,00068306;0;0;0
143;"B1_C";"S";"4778,477641";"2,11704441922769";"0,10768166990038";20;"D3";8,890909091;2,558761893;0;0,005464481;0,007513661;0,006147541;0,015710383;0,031420765;0,068306011;0,12636612;0,144808743;0,165300546;0,172814208;0,105874317;0,076502732;0,049863388;0,018442623;0,004781421;0;0,00068306;0;0;0
58;"B1_C";"S";"888,2425149";"32,7819696256744";"1,66742709782344";20;"D3";8,890909091;2,558761893;0;0,005464481;0,007513661;0,006147541;0,015710383;0,031420765;0,068306011;0,12636612;0,144808743;0,165300546;0,172814208;0,105874317;0,076502732;0,049863388;0,018442623;0,004781421;0;0,00068306;0;0;0
31;"B1_C";"S";"487,9265365";"17,5256359920872";"0,891426619372776";20;"D3";8,890909091;2,558761893;0;0,005464481;0,007513661;0,006147541;0,015710383;0,031420765;0,068306011;0,12636612;0,144808743;0,165300546;0,172814208;0,105874317;0,076502732;0,049863388;0,018442623;0,004781421;0;0,00068306;0;0;0
203;"B1_F";"S";"18491,06775";"8,19223500175392";"0,416691089328685";20;"D3";8,890909091;2,558761893;0;0,005464481;0,007513661;0,006147541;0,015710383;0,031420765;0,068306011;0,12636612;0,144808743;0,165300546;0,172814208;0,105874317;0,076502732;0,049863388;0,018442623;0,004781421;0;0,00068306;0;0;0
266;"B1_C";"S";"299018,9944";"49,242059123193";"2,50465559794584";20;"D3";8,890909091;2,558761893;0;0,005464481;0,007513661;0,006147541;0,015710383;0,031420765;0,068306011;0,12636612;0,144808743;0,165300546;0,172814208;0,105874317;0,076502732;0,049863388;0,018442623;0,004781421;0;0,00068306;0;0;0
7;"B1_C";"S";"199,4740403";"7,14391727351613";"0,363369296674";20;"D3";8,890909091;2,558761893;0;0,005464481;0,007513661;0,006147541;0,015710383;0,031420765;0,068306011;0,12636612;0,144808743;0,165300546;0,172814208;0,105874317;0,076502732;0,049863388;0,018442623;0,004781421;0;0,00068306;0;0;0
150;"B1_C";"S";"5493,732313";"2,81306670730263";"0,143084253609574";20;"D3";8,890909091;2,558761893;0;0,005464481;0,007513661;0,006147541;0,015710383;0,031420765;0,068306011;0,12636612;0,144808743;0,165300546;0,172814208;0,105874317;0,076502732;0,049863388;0,018442623;0,004781421;0;0,00068306;0;0;0
114;"B1_C";"S";"2685,651454";"5,50121288806407";"0,279814530523801";20;"D3";8,890909091;2,558761893;0;0,005464481;0,007513661;0,006147541;0,015710383;0,031420765;0,068306011;0,12636612;0,144808743;0,165300546;0,172814208;0,105874317;0,076502732;0,049863388;0,018442623;0,004781421;0;0,00068306;0;0;0
157;"B1_C";"P";"6637,966763";"5,24670813543902";"0,266869362008987";18;"D4";8,516666667;2,051106299;0;0,002724796;0,005449591;0,005449591;0,021798365;0,057220708;0,122615804;0,163487738;0,237057221;0,215258856;0,10626703;0,0626703;0;0;0;0;0;0;0;0;0
24;"B1_C";"P";"398,1301596";"0,815518619088286";"0,0414806632967644";18;"D4";8,516666667;2,051106299;0;0,002724796;0,005449591;0,005449591;0,021798365;0,057220708;0,122615804;0,163487738;0,237057221;0,215258856;0,10626703;0,0626703;0;0;0;0;0;0;0;0;0
46;"B1_C";"P";"665,2167344";"0,775137609639642";"0,0394267174795675";18;"D4";8,516666667;2,051106299;0;0,002724796;0,005449591;0,005449591;0,021798365;0,057220708;0,122615804;0,163487738;0,237057221;0,215258856;0,10626703;0,0626703;0;0;0;0;0;0;0;0;0
75;"B1_C";"P";"1259,771696";"0,574485654948446";"0,0292207258840744";18;"D4";8,516666667;2,051106299;0;0,002724796;0,005449591;0,005449591;0,021798365;0,057220708;0,122615804;0,163487738;0,237057221;0,215258856;0,10626703;0,0626703;0;0;0;0;0;0;0;0;0
72;"B1_C";"P";"1213,473951";"0,974899051712866";"0,0495874139055781";18;"D4";8,516666667;2,051106299;0;0,002724796;0,005449591;0,005449591;0,021798365;0,057220708;0,122615804;0,163487738;0,237057221;0,215258856;0,10626703;0,0626703;0;0;0;0;0;0;0;0;0
174;"B1_F";"P";"9267,666206";"7,32524603024342";"0,372592430184102";18;"D4";8,516666667;2,051106299;0;0,002724796;0,005449591;0,005449591;0,021798365;0,057220708;0,122615804;0,163487738;0,237057221;0,215258856;0,10626703;0,0626703;0;0;0;0;0;0;0;0;0
77;"B1_F";"P";"1360,359193";"0,224022182754304";"0,0113946984364701";18;"D4";8,516666667;2,051106299;0;0,002724796;0,005449591;0,005449591;0,021798365;0,057220708;0,122615804;0,163487738;0,237057221;0,215258856;0,10626703;0,0626703;0;0;0;0;0;0;0;0;0
107;"B1_C";"P";"2384,600181";"4,0562057960686";"0,206315469629874";18;"D4";8,516666667;2,051106299;0;0,002724796;0,005449591;0,005449591;0,021798365;0,057220708;0,122615804;0,163487738;0,237057221;0,215258856;0,10626703;0,0626703;0;0;0;0;0;0;0;0;0
178;"B1_F";"P";"11034,98096";"4,88890952574656";"0,248670239010059";18;"D4";8,516666667;2,051106299;0;0,002724796;0,005449591;0,005449591;0,021798365;0,057220708;0,122615804;0,163487738;0,237057221;0,215258856;0,10626703;0,0626703;0;0;0;0;0;0;0;0;0
200;"B1_C";"P";"17469,13475";"8,94507387160501";"0,454983600310128";18;"D4";8,516666667;2,051106299;0;0,002724796;0,005449591;0,005449591;0,021798365;0,057220708;0,122615804;0,163487738;0,237057221;0,215258856;0,10626703;0,0626703;0;0;0;0;0;0;0;0;0
9;"B1_C";"P";"246,5335182";"0,111481920523239";"0,00567043339129516";18;"D4";8,516666667;2,051106299;0;0,002724796;0,005449591;0,005449591;0,021798365;0,057220708;0,122615804;0,163487738;0,237057221;0,215258856;0,10626703;0,0626703;0;0;0;0;0;0;0;0;0
37;"B1_F";"P";"574,1607458";"0,293999122386804";"0,014954016155885";18;"D4";8,516666667;2,051106299;0;0,002724796;0,005449591;0,005449591;0,021798365;0,057220708;0,122615804;0,163487738;0,237057221;0,215258856;0,10626703;0,0626703;0;0;0;0;0;0;0;0;0
164;"B1_C";"P";"7113,021881";"1,17136319286868";"0,0595803959153368";18;"D4";8,516666667;2,051106299;0;0,002724796;0,005449591;0,005449591;0,021798365;0,057220708;0,122615804;0,163487738;0,237057221;0,215258856;0,10626703;0,0626703;0;0;0;0;0;0;0;0;0
105;"B1_C";"P";"2300,933151";"1,01939949337529";"0,0518508911505488";18;"D4";8,516666667;2,051106299;0;0,002724796;0,005449591;0,005449591;0,021798365;0,057220708;0,122615804;0,163487738;0,237057221;0,215258856;0,10626703;0,0626703;0;0;0;0;0;0;0;0;0
35;"B1_C";"P";"539,260635";"19,3694847213373";"0,985212422073023";18;"D4";8,516666667;2,051106299;0;0,002724796;0,005449591;0,005449591;0,021798365;0,057220708;0,122615804;0,163487738;0,237057221;0,215258856;0,10626703;0,0626703;0;0;0;0;0;0;0;0;0
128;"B1_C";"S";"3571,844198";"4,4206465825383";"0,224852441320426";11;"D5";24,125;1,603081512;0;0,014798993;0,032801892;0,040048821;0,05034709;0,053932413;0,076588603;0,100083912;0,109543062;0,117323976;0,129758181;0,089327943;0,070485926;0,048211153;0,027767183;0,017468914;0,008467465;0,008467465;0,003356473;0,000762835;0,000457701
149;"B1_F";"S";"5327,556796";"3,10061404872432";"0,157710105395433";11;"D5";24,125;1,603081512;0;0,014798993;0,032801892;0,040048821;0,05034709;0,053932413;0,076588603;0,100083912;0,109543062;0,117323976;0,129758181;0,089327943;0,070485926;0,048211153;0,027767183;0,017468914;0,008467465;0,008467465;0,003356473;0,000762835;0,000457701
135;"B1_C";"S";"4007,031391";"2,5574651855064";"0,13008329886053";11;"D5";24,125;1,603081512;0;0,014798993;0,032801892;0,040048821;0,05034709;0,053932413;0,076588603;0,100083912;0,109543062;0,117323976;0,129758181;0,089327943;0,070485926;0,048211153;0,027767183;0,017468914;0,008467465;0,008467465;0,003356473;0,000762835;0,000457701
59;"B1_F";"S";"893,2415809";"0,783071954530427";"0,0398302912069987";11;"D5";24,125;1,603081512;0;0,014798993;0,032801892;0,040048821;0,05034709;0,053932413;0,076588603;0,100083912;0,109543062;0,117323976;0,129758181;0,089327943;0,070485926;0,048211153;0,027767183;0,017468914;0,008467465;0,008467465;0,003356473;0,000762835;0,000457701
139;"B1_C";"S";"4516,205813";"4,44523481086487";"0,226103100712383";11;"D5";24,125;1,603081512;0;0,014798993;0,032801892;0,040048821;0,05034709;0,053932413;0,076588603;0,100083912;0,109543062;0,117323976;0,129758181;0,089327943;0,070485926;0,048211153;0,027767183;0,017468914;0,008467465;0,008467465;0,003356473;0,000762835;0,000457701
90;"B1_F";"S";"1829,031075";"1,02873552044474";"0,0523257602538812";11;"D5";24,125;1,603081512;0;0,014798993;0,032801892;0,040048821;0,05034709;0,053932413;0,076588603;0,100083912;0,109543062;0,117323976;0,129758181;0,089327943;0,070485926;0,048211153;0,027767183;0,017468914;0,008467465;0,008467465;0,003356473;0,000762835;0,000457701
113;"B1_C";"S";"2613,323603";"2,83988605522929";"0,144448397008812";11;"D5";24,125;1,603081512;0;0,014798993;0,032801892;0,040048821;0,05034709;0,053932413;0,076588603;0,100083912;0,109543062;0,117323976;0,129758181;0,089327943;0,070485926;0,048211153;0,027767183;0,017468914;0,008467465;0,008467465;0,003356473;0,000762835;0,000457701
14;"B1_C";"S";"297,3812144";"0,273411958846201";"0,0139068675328188";11;"D5";24,125;1,603081512;0;0,014798993;0,032801892;0,040048821;0,05034709;0,053932413;0,076588603;0,100083912;0,109543062;0,117323976;0,129758181;0,089327943;0,070485926;0,048211153;0,027767183;0,017468914;0,008467465;0,008467465;0,003356473;0,000762835;0,000457701
82;"B1_F";"S";"1563,929946";"0,827775026039857";"0,042104075047381";11;"D5";24,125;1,603081512;0;0,014798993;0,032801892;0,040048821;0,05034709;0,053932413;0,076588603;0,100083912;0,109543062;0,117323976;0,129758181;0,089327943;0,070485926;0,048211153;0,027767183;0,017468914;0,008467465;0,008467465;0,003356473;0,000762835;0,000457701
83;"B1_F";"S";"1596,770318";"1,19517442567362";"0,0607915340886953";11;"D5";24,125;1,603081512;0;0,014798993;0,032801892;0,040048821;0,05034709;0,053932413;0,076588603;0,100083912;0,109543062;0,117323976;0,129758181;0,089327943;0,070485926;0,048211153;0,027767183;0,017468914;0,008467465;0,008467465;0,003356473;0,000762835;0,000457701
103;"B1_C";"S";"2270,457119";"1,36940282121747";"0,0696535137457258";11;"D5";24,125;1,603081512;0;0,014798993;0,032801892;0,040048821;0,05034709;0,053932413;0,076588603;0,100083912;0,109543062;0,117323976;0,129758181;0,089327943;0,070485926;0,048211153;0,027767183;0,017468914;0,008467465;0,008467465;0,003356473;0,000762835;0,000457701
125;"B1_C";"S";"3349,672575";"14,2600667872268";"0,725326209782457";11;"D5";24,125;1,603081512;0;0,014798993;0,032801892;0,040048821;0,05034709;0,053932413;0,076588603;0,100083912;0,109543062;0,117323976;0,129758181;0,089327943;0,070485926;0,048211153;0,027767183;0,017468914;0,008467465;0,008467465;0,003356473;0,000762835;0,000457701
74;"B1_F";"S";"1257,284005";"0,431556563336996";"0,0219507587911402";11;"D5";24,125;1,603081512;0;0,014798993;0,032801892;0,040048821;0,05034709;0,053932413;0,076588603;0,100083912;0,109543062;0,117323976;0,129758181;0,089327943;0,070485926;0,048211153;0,027767183;0,017468914;0,008467465;0,008467465;0,003356473;0,000762835;0,000457701
121;"B1_C";"S";"2874,241748";"1,00646548547383";"0,0511930138019755";11;"D5";24,125;1,603081512;0;0,014798993;0,032801892;0,040048821;0,05034709;0,053932413;0,076588603;0,100083912;0,109543062;0,117323976;0,129758181;0,089327943;0,070485926;0,048211153;0,027767183;0,017468914;0,008467465;0,008467465;0,003356473;0,000762835;0,000457701
136;"B1_F";"S";"4111,334412";"4,04672585884408";"0,205833280658487";11;"D5";24,125;1,603081512;0;0,014798993;0,032801892;0,040048821;0,05034709;0,053932413;0,076588603;0,100083912;0,109543062;0,117323976;0,129758181;0,089327943;0,070485926;0,048211153;0,027767183;0,017468914;0,008467465;0,008467465;0,003356473;0,000762835;0,000457701
156;"B1_C";"S";"6212,254514";"2,15796014679021";"0,109762813701192";11;"D5";24,125;1,603081512;0;0,014798993;0,032801892;0,040048821;0,05034709;0,053932413;0,076588603;0,100083912;0,109543062;0,117323976;0,129758181;0,089327943;0,070485926;0,048211153;0,027767183;0,017468914;0,008467465;0,008467465;0,003356473;0,000762835;0,000457701
191;"B1_C";"S";"14131,14933";"29,7699079259339";"1,51422113259888";11;"D5";24,125;1,603081512;0;0,014798993;0,032801892;0,040048821;0,05034709;0,053932413;0,076588603;0,100083912;0,109543062;0,117323976;0,129758181;0,089327943;0,070485926;0,048211153;0,027767183;0,017468914;0,008467465;0,008467465;0,003356473;0,000762835;0,000457701
173;"B1_C";"S";"9124,497406";"4,12607787394239";"0,209869453644817";11;"D5";24,125;1,603081512;0;0,014798993;0,032801892;0,040048821;0,05034709;0,053932413;0,076588603;0,100083912;0,109543062;0,117323976;0,129758181;0,089327943;0,070485926;0,048211153;0,027767183;0,017468914;0,008467465;0,008467465;0,003356473;0,000762835;0,000457701
145;"B1_C";"S";"5208,09968";"4,11016057183714";"0,209059833565316";11;"D5";24,125;1,603081512;0;0,014798993;0,032801892;0,040048821;0,05034709;0,053932413;0,076588603;0,100083912;0,109543062;0,117323976;0,129758181;0,089327943;0,070485926;0,048211153;0,027767183;0,017468914;0,008467465;0,008467465;0,003356473;0,000762835;0,000457701
34;"B1_C";"S";"533,7715125";"0,489256614145064";"0,0248856229668367";11;"D5";24,125;1,603081512;0;0,014798993;0,032801892;0,040048821;0,05034709;0,053932413;0,076588603;0,100083912;0,109543062;0,117323976;0,129758181;0,089327943;0,070485926;0,048211153;0,027767183;0,017468914;0,008467465;0,008467465;0,003356473;0,000762835;0,000457701
134;"B1_F";"S";"3947,722971";"3,87464845333829";"0,197080709286486";11;"D5";24,125;1,603081512;0;0,014798993;0,032801892;0,040048821;0,05034709;0,053932413;0,076588603;0,100083912;0,109543062;0,117323976;0,129758181;0,089327943;0,070485926;0,048211153;0,027767183;0,017468914;0,008467465;0,008467465;0,003356473;0,000762835;0,000457701
104;"B1_C";"S";"2298,425177";"0,788923160183961";"0,0401279078228716";11;"D5";24,125;1,603081512;0;0,014798993;0,032801892;0,040048821;0,05034709;0,053932413;0,076588603;0,100083912;0,109543062;0,117323976;0,129758181;0,089327943;0,070485926;0,048211153;0,027767183;0,017468914;0,008467465;0,008467465;0,003356473;0,000762835;0,000457701
1;"B2";"S";"11,52277326";"0,0039551353619559";"0,000201174607669697";16;"D6";12,87379518;8,430856121;0;0;0;0;0,058823529;0,137254902;0,039215686;0,176470588;0,137254902;0,196078431;0,215686275;0;0;0,019607843;0;0,019607843;0;0;0;0;0
2;"B1_F";"S";"86,4202146";"0,0646850891370001";"0,00329015222952576";16;"D6";12,87379518;8,430856121;0;0;0;0;0,058823529;0,137254902;0,039215686;0,176470588;0,137254902;0,196078431;0,215686275;0;0;0,019607843;0;0,019607843;0;0;0;0;0
96;"B1_C";"S";"1941,454921";"1,5321694972423";"0,0779325027547904";16;"D6";12,87379518;8,430856121;0;0;0;0;0,058823529;0,137254902;0,039215686;0,176470588;0,137254902;0,196078431;0,215686275;0;0;0,019607843;0;0,019607843;0;0;0;0;0
44;"B1_F";"S";"633,7475797";"0,555583132857051";"0,0282592651203589";16;"D6";12,87379518;8,430856121;0;0;0;0;0,058823529;0,137254902;0,039215686;0,176470588;0,137254902;0,196078431;0,215686275;0;0;0,019607843;0;0,019607843;0;0;0;0;0
85;"B1_C";"S";"1617,997654";"1,5925712408312";"0,0810047862437311";16;"D6";12,87379518;8,430856121;0;0;0;0;0,058823529;0,137254902;0,039215686;0,176470588;0,137254902;0,196078431;0,215686275;0;0;0,019607843;0;0,019607843;0;0;0;0;0
6;"B1_F";"S";"195,8866167";"0,0672371196727055";"0,00341995909953077";16;"D6";12,87379518;8,430856121;0;0;0;0;0,058823529;0,137254902;0,039215686;0,176470588;0,137254902;0,196078431;0,215686275;0;0;0,019607843;0;0,019607843;0;0;0;0;0
20;"B1_C";"S";"380,2509729";"0,130519279985808";"0,00663875254360235";16;"D6";12,87379518;8,430856121;0;0;0;0;0,058823529;0,137254902;0,039215686;0,176470588;0,137254902;0,196078431;0,215686275;0;0;0,019607843;0;0,019607843;0;0;0;0;0
60;"B1_F";"S";"899,6950444";"0,885556570300064";"0,0450430843184437";16;"D6";12,87379518;8,430856121;0;0;0;0;0,058823529;0,137254902;0,039215686;0,176470588;0,137254902;0,196078431;0,215686275;0;0;0,019607843;0;0,019607843;0;0;0;0;0
22;"B1_C";"S";"393,1253847";"0,942727204634612";"0,0479510201739672";16;"D6";12,87379518;8,430856121;0;0;0;0;0,058823529;0,137254902;0,039215686;0,176470588;0,137254902;0,196078431;0,215686275;0;0;0,019607843;0;0,019607843;0;0;0;0;0
10;"B1_F";"S";"247,7382427";"0,144182540916059";"0,00733372272934399";16;"D6";12,87379518;8,430856121;0;0;0;0;0,058823529;0,137254902;0,039215686;0,176470588;0,137254902;0,196078431;0,215686275;0;0;0,019607843;0;0,019607843;0;0;0;0;0
64;"B1_C";"S";"1042,792759";"0,955827058161576";"0,0486173331197052";16;"D6";12,87379518;8,430856121;0;0;0;0;0,058823529;0,137254902;0,039215686;0,176470588;0,137254902;0,196078431;0,215686275;0;0;0,019607843;0;0,019607843;0;0;0;0;0
109;"B1_C";"S";"2460,063588";"1,570121710195";"0,079862909896957";16;"D6";12,87379518;8,430856121;0;0;0;0;0,058823529;0,137254902;0,039215686;0,176470588;0,137254902;0,196078431;0,215686275;0;0;0,019607843;0;0,019607843;0;0;0;0;0
17;"B1_C";"S";"327,28299";"0,783920022775515";"0,0398734274794317";16;"D6";12,87379518;8,430856121;0;0;0;0;0,058823529;0,137254902;0,039215686;0,176470588;0,137254902;0,196078431;0,215686275;0;0;0,019607843;0;0,019607843;0;0;0;0;0
18;"B1_C";"S";"339,9198627";"0,696109844704161";"0,0354070372029242";16;"D6";12,87379518;8,430856121;0;0;0;0;0,058823529;0,137254902;0,039215686;0,176470588;0,137254902;0,196078431;0,215686275;0;0;0,019607843;0;0,019607843;0;0;0;0;0
62;"B1_F";"S";"944,8470943";"0,927357456301782";"0,047169250952974";16;"D6";12,87379518;8,430856121;0;0;0;0;0,058823529;0,137254902;0,039215686;0,176470588;0,137254902;0,196078431;0,215686275;0;0;0,019607843;0;0,019607843;0;0;0;0;0
42;"B1_C";"S";"616,4596691";"1,29868754201033";"0,0660566410096903";16;"D6";12,87379518;8,430856121;0;0;0;0;0,058823529;0,137254902;0,039215686;0,176470588;0,137254902;0,196078431;0,215686275;0;0;0,019607843;0;0,019607843;0;0;0;0;0
54;"B1_C";"S";"798,0990564";"0,277236863528491";"0,0141014180673555";30;"D7";19,50625;3,175737782;0;0,007434944;0,003717472;0,007434944;0,022304833;0,078066914;0,118959108;0,159851301;0,200743494;0,208178439;0,163568773;0,018587361;0,011152416;0;0;0;0;0;0;0;0
5;"B1_C";"S";"178,2394808";"0,0805995054048963";"0,00409962552335584";30;"D7";19,50625;3,175737782;0;0,007434944;0,003717472;0,007434944;0,022304833;0,078066914;0,118959108;0,159851301;0,200743494;0,208178439;0,163568773;0,018587361;0,011152416;0;0;0;0;0;0;0;0
167;"B1_F";"S";"8172,132934";"0";"0";30;"D7";19,50625;3,175737782;0;0,007434944;0,003717472;0,007434944;0,022304833;0,078066914;0,118959108;0,159851301;0,200743494;0,208178439;0,163568773;0,018587361;0,011152416;0;0;0;0;0;0;0;0
80;"B1_C";"S";"1487,44258";"1,61639662078095";"0,0822166439996187";30;"D7";19,50625;3,175737782;0;0,007434944;0,003717472;0,007434944;0,022304833;0,078066914;0,118959108;0,159851301;0,200743494;0,208178439;0,163568773;0,018587361;0,011152416;0;0;0;0;0;0;0;0
76;"B1_C";"S";"1293,881145";"2,72580252704413";"0,13864563504901";30;"D7";19,50625;3,175737782;0;0,007434944;0,003717472;0,007434944;0,022304833;0,078066914;0,118959108;0,159851301;0,200743494;0,208178439;0,163568773;0,018587361;0,011152416;0;0;0;0;0;0;0;0
225;"B1_C";"S";"31920,97206";"0";"0";30;"D7";19,50625;3,175737782;0;0,007434944;0,003717472;0,007434944;0,022304833;0,078066914;0,118959108;0,159851301;0,200743494;0,208178439;0,163568773;0,018587361;0,011152416;0;0;0;0;0;0;0;0
4;"B1_C";"S";"126,8589704";"0,0369597172266022";"0,00187992468833423";30;"D7";19,50625;3,175737782;0;0,007434944;0,003717472;0,007434944;0,022304833;0,078066914;0,118959108;0,159851301;0,200743494;0,208178439;0,163568773;0,018587361;0,011152416;0;0;0;0;0;0;0;0
39;"B1_C";"S";"580,4397203";"0,370736381056275";"0,0188571917728238";30;"D7";19,50625;3,175737782;0;0,007434944;0,003717472;0,007434944;0,022304833;0,078066914;0,118959108;0,159851301;0,200743494;0,208178439;0,163568773;0,018587361;0,011152416;0;0;0;0;0;0;0;0
13;"B1_C";"S";"283,1182154";"0,350397582308642";"0,0178226760144291";30;"D7";19,50625;3,175737782;0;0,007434944;0,003717472;0,007434944;0,022304833;0,078066914;0,118959108;0,159851301;0,200743494;0,208178439;0,163568773;0,018587361;0,011152416;0;0;0;0;0;0;0;0
29;"B1_C";"S";"458,8485208";"0,0480994054354169";"0,00244653548667182";30;"D7";19,50625;3,175737782;0;0,007434944;0,003717472;0,007434944;0,022304833;0,078066914;0,118959108;0,159851301;0,200743494;0,208178439;0,163568773;0,018587361;0,011152416;0;0;0;0;0;0;0;0
209;"B1_C";"S";"21804,9143";"13,916863571484";"0,70786946912519";15;"D8";60,5;11,17096837;0;0,014798993;0,032801892;0,040048821;0,05034709;0,053932413;0,076588603;0,100083912;0,109543062;0,117323976;0,129758181;0,089327943;0,070485926;0,048211153;0,027767183;0,017468914;0,008467465;0,008467465;0,003356473;0,000762835;0,000457701
87;"B1_C";"S";"1628,144406";"1,76929661110132";"0,0899937724036867";15;"D8";60,5;11,17096837;0;0,014798993;0,032801892;0,040048821;0,05034709;0,053932413;0,076588603;0,100083912;0,109543062;0,117323976;0,129758181;0,089327943;0,070485926;0,048211153;0,027767183;0,017468914;0,008467465;0,008467465;0,003356473;0,000762835;0,000457701
43;"B1_F";"S";"629,4323097";"0,333153251451485";"0,0169455577423";15;"D8";60,5;11,17096837;0;0,014798993;0,032801892;0,040048821;0,05034709;0,053932413;0,076588603;0,100083912;0,109543062;0,117323976;0,129758181;0,089327943;0,070485926;0,048211153;0,027767183;0,017468914;0,008467465;0,008467465;0,003356473;0,000762835;0,000457701
116;"B1_C";"S";"2701,104036";"2,47584028776157";"0,125931517624963";15;"D8";60,5;11,17096837;0;0,014798993;0,032801892;0,040048821;0,05034709;0,053932413;0,076588603;0,100083912;0,109543062;0,117323976;0,129758181;0,089327943;0,070485926;0,048211153;0,027767183;0,017468914;0,008467465;0,008467465;0,003356473;0,000762835;0,000457701
88;"B1_C";"S";"1661,699791";"1,52776494570544";"0,0777084689743255";15;"D8";60,5;11,17096837;0;0,014798993;0,032801892;0,040048821;0,05034709;0,053932413;0,076588603;0,100083912;0,109543062;0,117323976;0,129758181;0,089327943;0,070485926;0,048211153;0,027767183;0,017468914;0,008467465;0,008467465;0,003356473;0,000762835;0,000457701
197;"B1_C";"S";"16641,18893";"16,3796769653144";"0,833138384832413";15;"D8";60,5;11,17096837;0;0,014798993;0,032801892;0,040048821;0,05034709;0,053932413;0,076588603;0,100083912;0,109543062;0,117323976;0,129758181;0,089327943;0,070485926;0,048211153;0,027767183;0,017468914;0,008467465;0,008467465;0,003356473;0,000762835;0,000457701
153;"B1_F";"S";"5886,602009";"5,79409558634166";"0,294711760713692";15;"D8";60,5;11,17096837;0;0,014798993;0,032801892;0,040048821;0,05034709;0,053932413;0,076588603;0,100083912;0,109543062;0,117323976;0,129758181;0,089327943;0,070485926;0,048211153;0,027767183;0,017468914;0,008467465;0,008467465;0,003356473;0,000762835;0,000457701
213;"B1_C";"S";"24852,05402";"19,6128989148247";"0,997593478698057";15;"D8";60,5;11,17096837;0;0,014798993;0,032801892;0,040048821;0,05034709;0,053932413;0,076588603;0,100083912;0,109543062;0,117323976;0,129758181;0,089327943;0,070485926;0,048211153;0,027767183;0,017468914;0,008467465;0,008467465;0,003356473;0,000762835;0,000457701
69;"B1_F";"S";"1135,10375";"0,849619358021046";"0,0432151684775561";15;"D8";60,5;11,17096837;0;0,014798993;0,032801892;0,040048821;0,05034709;0,053932413;0,076588603;0,100083912;0,109543062;0,117323976;0,129758181;0,089327943;0,070485926;0,048211153;0,027767183;0,017468914;0,008467465;0,008467465;0,003356473;0,000762835;0,000457701
40;"B1_F";"S";"601,812099";"0,350251929787531";"0,0178152675224031";15;"D8";60,5;11,17096837;0;0,014798993;0,032801892;0,040048821;0,05034709;0,053932413;0,076588603;0,100083912;0,109543062;0,117323976;0,129758181;0,089327943;0,070485926;0,048211153;0,027767183;0,017468914;0,008467465;0,008467465;0,003356473;0,000762835;0,000457701
140;"B1_C";"S";"4549,321285";"5,63040840433768";"0,286385950948252";15;"D8";60,5;11,17096837;0;0,014798993;0,032801892;0,040048821;0,05034709;0,053932413;0,076588603;0,100083912;0,109543062;0,117323976;0,129758181;0,089327943;0,070485926;0,048211153;0,027767183;0,017468914;0,008467465;0,008467465;0,003356473;0,000762835;0,000457701
117;"B1_F";"S";"2703,359405";"2,65331873952327";"0,134958808636649";15;"D8";60,5;11,17096837;0;0,014798993;0,032801892;0,040048821;0,05034709;0,053932413;0,076588603;0,100083912;0,109543062;0,117323976;0,129758181;0,089327943;0,070485926;0,048211153;0,027767183;0,017468914;0,008467465;0,008467465;0,003356473;0,000762835;0,000457701
56;"B1_C";"S";"822,0188045";"0,511860288811408";"0,0260353397190458";15;"D8";60,5;11,17096837;0;0,014798993;0,032801892;0,040048821;0,05034709;0,053932413;0,076588603;0,100083912;0,109543062;0,117323976;0,129758181;0,089327943;0,070485926;0,048211153;0,027767183;0,017468914;0,008467465;0,008467465;0,003356473;0,000762835;0,000457701
15;"B1_F";"S";"304,4375882";"0,266889207043074";"0,0135750932912737";15;"D8";60,5;11,17096837;0;0,014798993;0,032801892;0,040048821;0,05034709;0,053932413;0,076588603;0,100083912;0,109543062;0,117323976;0,129758181;0,089327943;0,070485926;0,048211153;0,027767183;0,017468914;0,008467465;0,008467465;0,003356473;0,000762835;0,000457701
175;"B1_C";"S";"9477,138755";"5,71603860718694";"0,290741458632914";15;"D8";60,5;11,17096837;0;0,014798993;0,032801892;0,040048821;0,05034709;0,053932413;0,076588603;0,100083912;0,109543062;0,117323976;0,129758181;0,089327943;0,070485926;0,048211153;0,027767183;0,017468914;0,008467465;0,008467465;0,003356473;0,000762835;0,000457701
170;"B1_C";"S";"8903,949189";"37,905469045796";"1,92802955296398";103;"D9";5,4;4,253696745;0;0,014798993;0,032801892;0,040048821;0,05034709;0,053932413;0,076588603;0,100083912;0,109543062;0,117323976;0,129758181;0,089327943;0,070485926;0,048211153;0,027767183;0,017468914;0,008467465;0,008467465;0,003356473;0,000762835;0,000457701
152;"B1_F";"S";"5859,047767";"2,01108938688345";"0,102292356991518";103;"D9";5,4;4,253696745;0;0,014798993;0,032801892;0,040048821;0,05034709;0,053932413;0,076588603;0,100083912;0,109543062;0,117323976;0,129758181;0,089327943;0,070485926;0,048211153;0,027767183;0,017468914;0,008467465;0,008467465;0,003356473;0,000762835;0,000457701
162;"B1_C";"S";"7030,221707";"14,3969419786883";"0,732288250375768";103;"D9";5,4;4,253696745;0;0,014798993;0,032801892;0,040048821;0,05034709;0,053932413;0,076588603;0,100083912;0,109543062;0,117323976;0,129758181;0,089327943;0,070485926;0,048211153;0,027767183;0,017468914;0,008467465;0,008467465;0,003356473;0,000762835;0,000457701
127;"B1_C";"S";"3417,440411";"0,995653920499761";"0,0506430927138439";103;"D9";5,4;4,253696745;0;0,014798993;0,032801892;0,040048821;0,05034709;0,053932413;0,076588603;0,100083912;0,109543062;0,117323976;0,129758181;0,089327943;0,070485926;0,048211153;0,027767183;0,017468914;0,008467465;0,008467465;0,003356473;0,000762835;0,000457701
115;"B1_C";"S";"2689,764214";"2,92295369560223";"0,148673562125237";103;"D9";5,4;4,253696745;0;0,014798993;0,032801892;0,040048821;0,05034709;0,053932413;0,076588603;0,100083912;0,109543062;0,117323976;0,129758181;0,089327943;0,070485926;0,048211153;0,027767183;0,017468914;0,008467465;0,008467465;0,003356473;0,000762835;0,000457701
196;"B1_F";"S";"15568,43812";"15,2802577905487";"0,777217360415527";103;"D9";5,4;4,253696745;0;0,014798993;0,032801892;0,040048821;0,05034709;0,053932413;0,076588603;0,100083912;0,109543062;0,117323976;0,129758181;0,089327943;0,070485926;0,048211153;0,027767183;0,017468914;0,008467465;0,008467465;0,003356473;0,000762835;0,000457701
165;"B1_C";"S";"7427,462065";"6,80803463000998";"0,346284910718371";103;"D9";5,4;4,253696745;0;0,014798993;0,032801892;0,040048821;0,05034709;0,053932413;0,076588603;0,100083912;0,109543062;0,117323976;0,129758181;0,089327943;0,070485926;0,048211153;0,027767183;0,017468914;0,008467465;0,008467465;0,003356473;0,000762835;0,000457701
202;"B1_F";"S";"17921,56989";"17,6399370708608";"0,897240446858854";103;"D9";5,4;4,253696745;0;0,014798993;0,032801892;0,040048821;0,05034709;0,053932413;0,076588603;0,100083912;0,109543062;0,117323976;0,129758181;0,089327943;0,070485926;0,048211153;0,027767183;0,017468914;0,008467465;0,008467465;0,003356473;0,000762835;0,000457701
123;"B1_F";"S";"3093,715013";"2,71214586713384";"0,137951000618554";103;"D9";5,4;4,253696745;0;0,014798993;0,032801892;0,040048821;0,05034709;0,053932413;0,076588603;0,100083912;0,109543062;0,117323976;0,129758181;0,089327943;0,070485926;0,048211153;0,027767183;0,017468914;0,008467465;0,008467465;0,003356473;0,000762835;0,000457701
53;"B1_C";"S";"778,8247911";"1,86546923192448";"0,0948855112424554";103;"D9";5,4;4,253696745;0;0,014798993;0,032801892;0,040048821;0,05034709;0,053932413;0,076588603;0,100083912;0,109543062;0,117323976;0,129758181;0,089327943;0,070485926;0,048211153;0,027767183;0,017468914;0,008467465;0,008467465;0,003356473;0,000762835;0,000457701
49;"B1_C";"S";"686,7724076";"0,427644137795198";"0,0217517565822705";103;"D9";5,4;4,253696745;0;0,014798993;0,032801892;0,040048821;0,05034709;0,053932413;0,076588603;0,100083912;0,109543062;0,117323976;0,129758181;0,089327943;0,070485926;0,048211153;0,027767183;0,017468914;0,008467465;0,008467465;0,003356473;0,000762835;0,000457701
210;"B1_F";"S";"22093,27036";"12,858183794852";"0,654020619662182";103;"D9";5,4;4,253696745;0;0,014798993;0,032801892;0,040048821;0,05034709;0,053932413;0,076588603;0,100083912;0,109543062;0,117323976;0,129758181;0,089327943;0,070485926;0,048211153;0,027767183;0,017468914;0,008467465;0,008467465;0,003356473;0,000762835;0,000457701
180;"B1_C";"S";"11303,47559";"3,87986251315113";"0,19734591801924";103;"D9";5,4;4,253696745;0;0,014798993;0,032801892;0,040048821;0,05034709;0,053932413;0,076588603;0,100083912;0,109543062;0,117323976;0,129758181;0,089327943;0,070485926;0,048211153;0,027767183;0,017468914;0,008467465;0,008467465;0,003356473;0,000762835;0,000457701
216;"B1_C";"S";"27840,73069";"58,6517041096205";"2,98326921422409";103;"D9";5,4;4,253696745;0;0,014798993;0,032801892;0,040048821;0,05034709;0,053932413;0,076588603;0,100083912;0,109543062;0,117323976;0,129758181;0,089327943;0,070485926;0,048211153;0,027767183;0,017468914;0,008467465;0,008467465;0,003356473;0,000762835;0,000457701
146;"B1_C";"S";"5212,962354";"1,82540897613301";"0,0928478802881478";103;"D9";5,4;4,253696745;0;0,014798993;0,032801892;0,040048821;0,05034709;0,053932413;0,076588603;0,100083912;0,109543062;0,117323976;0,129758181;0,089327943;0,070485926;0,048211153;0,027767183;0,017468914;0,008467465;0,008467465;0,003356473;0,000762835;0,000457701
188;"B1_C";"S";"13299,48879";"6,01399989385495";"0,305897006916488";103;"D9";5,4;4,253696745;0;0,014798993;0,032801892;0,040048821;0,05034709;0,053932413;0,076588603;0,100083912;0,109543062;0,117323976;0,129758181;0,089327943;0,070485926;0,048211153;0,027767183;0,017468914;0,008467465;0,008467465;0,003356473;0,000762835;0,000457701
166;"B1_F";"S";"8094,069215";"4,28412306596694";"0,217908288372308";103;"D9";5,4;4,253696745;0;0,014798993;0,032801892;0,040048821;0,05034709;0,053932413;0,076588603;0,100083912;0,109543062;0,117323976;0,129758181;0,089327943;0,070485926;0,048211153;0,027767183;0,017468914;0,008467465;0,008467465;0,003356473;0,000762835;0,000457701
250;"B1_C";"S";"62516,23505";"49,336952091941";"2,50948224836648";103;"D9";5,4;4,253696745;0;0,014798993;0,032801892;0,040048821;0,05034709;0,053932413;0,076588603;0,100083912;0,109543062;0,117323976;0,129758181;0,089327943;0,070485926;0,048211153;0,027767183;0,017468914;0,008467465;0,008467465;0,003356473;0,000762835;0,000457701
124;"B1_C";"S";"3123,040698";"1,88362982362856";"0,095809234345907";103;"D9";5,4;4,253696745;0;0,014798993;0,032801892;0,040048821;0,05034709;0,053932413;0,076588603;0,100083912;0,109543062;0,117323976;0,129758181;0,089327943;0,070485926;0,048211153;0,027767183;0,017468914;0,008467465;0,008467465;0,003356473;0,000762835;0,000457701
235;"B1_C";"S";"41457,63962";"26,4601046649052";"1,34587079523595";103;"D9";5,4;4,253696745;0;0,014798993;0,032801892;0,040048821;0,05034709;0,053932413;0,076588603;0,100083912;0,109543062;0,117323976;0,129758181;0,089327943;0,070485926;0,048211153;0,027767183;0,017468914;0,008467465;0,008467465;0,003356473;0,000762835;0,000457701
183;"B1_F";"S";"11432,58978";"6,4302413218209";"0,327068774328644";103;"D9";5,4;4,253696745;0;0,014798993;0,032801892;0,040048821;0,05034709;0,053932413;0,076588603;0,100083912;0,109543062;0,117323976;0,129758181;0,089327943;0,070485926;0,048211153;0,027767183;0,017468914;0,008467465;0,008467465;0,003356473;0,000762835;0,000457701
236;"B1_C";"S";"43051,29277";"42,3747528784156";"2,15535588678309";103;"D9";5,4;4,253696745;0;0,014798993;0,032801892;0,040048821;0,05034709;0,053932413;0,076588603;0,100083912;0,109543062;0,117323976;0,129758181;0,089327943;0,070485926;0,048211153;0,027767183;0,017468914;0,008467465;0,008467465;0,003356473;0,000762835;0,000457701
106;"B1_C";"S";"2328,91553";"5,58481368254171";"0,28406681407184";103;"D9";5,4;4,253696745;0;0,014798993;0,032801892;0,040048821;0,05034709;0,053932413;0,076588603;0,100083912;0,109543062;0,117323976;0,129758181;0,089327943;0,070485926;0,048211153;0,027767183;0,017468914;0,008467465;0,008467465;0,003356473;0,000762835;0,000457701
79;"B1_C";"S";"1487,084145";"1,3672235143498";"0,0695426651491611";103;"D9";5,4;4,253696745;0;0,014798993;0,032801892;0,040048821;0,05034709;0,053932413;0,076588603;0,100083912;0,109543062;0,117323976;0,129758181;0,089327943;0,070485926;0,048211153;0,027767183;0,017468914;0,008467465;0,008467465;0,003356473;0,000762835;0,000457701
133;"B1_C";"S";"3705,276371";"4,58578717850925";"0,233252177755329";103;"D9";5,4;4,253696745;0;0,014798993;0,032801892;0,040048821;0,05034709;0,053932413;0,076588603;0,100083912;0,109543062;0,117323976;0,129758181;0,089327943;0,070485926;0,048211153;0,027767183;0,017468914;0,008467465;0,008467465;0,003356473;0,000762835;0,000457701
186;"B1_F";"S";"13089,60682";"9,79750383447884";"0,498341727821151";103;"D9";5,4;4,253696745;0;0,014798993;0,032801892;0,040048821;0,05034709;0,053932413;0,076588603;0,100083912;0,109543062;0,117323976;0,129758181;0,089327943;0,070485926;0,048211153;0,027767183;0,017468914;0,008467465;0,008467465;0,003356473;0,000762835;0,000457701
172;"B1_C";"S";"8949,542284";"3,10881589564021";"0,158127285386626";103;"D9";5,4;4,253696745;0;0,014798993;0,032801892;0,040048821;0,05034709;0,053932413;0,076588603;0,100083912;0,109543062;0,117323976;0,129758181;0,089327943;0,070485926;0,048211153;0,027767183;0,017468914;0,008467465;0,008467465;0,003356473;0,000762835;0,000457701
